DATE,Price
18-Aug-10,0.07
19-Aug-10,0.07
20-Aug-10,0.07
21-Aug-10,0.07
22-Aug-10,0.07
23-Aug-10,0.07
24-Aug-10,0.07
25-Aug-10,0.07
26-Aug-10,0.07
27-Aug-10,0.07
28-Aug-10,0.06
29-Aug-10,0.06
30-Aug-10,0.06
31-Aug-10,0.06
01-Sep-10,0.06
02-Sep-10,0.06
03-Sep-10,0.06
04-Sep-10,0.06
05-Sep-10,0.06
06-Sep-10,0.06
07-Sep-10,0.06
08-Sep-10,0.06
09-Sep-10,0.06
10-Sep-10,0.06
11-Sep-10,0.06
12-Sep-10,0.06
13-Sep-10,0.06
14-Sep-10,0.18
15-Sep-10,0.06
16-Sep-10,0.15
17-Sep-10,0.06
18-Sep-10,0.06
19-Sep-10,0.06
20-Sep-10,0.06
21-Sep-10,0.06
22-Sep-10,0.06
23-Sep-10,0.06
24-Sep-10,0.06
25-Sep-10,0.06
26-Sep-10,0.06
27-Sep-10,0.06
28-Sep-10,0.06
29-Sep-10,0.06
30-Sep-10,0.06
01-Oct-10,0.06
02-Oct-10,0.06
03-Oct-10,0.06
04-Oct-10,0.06
05-Oct-10,0.06
06-Oct-10,0.06
07-Oct-10,0.06
08-Oct-10,0.12
09-Oct-10,0.12
10-Oct-10,0.12
11-Oct-10,0.1
12-Oct-10,0.1
13-Oct-10,0.1
14-Oct-10,0.12
15-Oct-10,0.11
16-Oct-10,0.12
17-Oct-10,0.1
18-Oct-10,0.1
19-Oct-10,0.1
20-Oct-10,0.11
21-Oct-10,0.11
22-Oct-10,0.11
23-Oct-10,0.19
24-Oct-10,0.15
25-Oct-10,0.18
26-Oct-10,0.19
27-Oct-10,0.19
28-Oct-10,0.19
29-Oct-10,0.19
30-Oct-10,0.2
31-Oct-10,0.19
01-Nov-10,0.2
02-Nov-10,0.28
03-Nov-10,0.21
04-Nov-10,0.24
05-Nov-10,0.29
06-Nov-10,0.25
07-Nov-10,0.37
08-Nov-10,0.34
09-Nov-10,0.36
10-Nov-10,0.24
11-Nov-10,0.25
12-Nov-10,0.24
13-Nov-10,0.3
14-Nov-10,0.28
15-Nov-10,0.3
16-Nov-10,0.28
17-Nov-10,0.29
18-Nov-10,0.28
19-Nov-10,0.29
20-Nov-10,0.29
21-Nov-10,0.29
22-Nov-10,0.29
23-Nov-10,0.28
24-Nov-10,0.29
25-Nov-10,0.29
26-Nov-10,0.28
27-Nov-10,0.29
28-Nov-10,0.28
29-Nov-10,0.28
30-Nov-10,0.28
01-Dec-10,0.25
02-Dec-10,0.26
03-Dec-10,0.25
04-Dec-10,0.24
05-Dec-10,0.23
06-Dec-10,0.23
07-Dec-10,0.25
08-Dec-10,0.24
09-Dec-10,0.25
10-Dec-10,0.23
11-Dec-10,0.23
12-Dec-10,0.23
13-Dec-10,0.23
14-Dec-10,0.25
15-Dec-10,0.23
16-Dec-10,0.26
17-Dec-10,0.25
18-Dec-10,0.25
19-Dec-10,0.28
20-Dec-10,0.27
21-Dec-10,0.27
22-Dec-10,0.25
23-Dec-10,0.25
24-Dec-10,0.25
25-Dec-10,0.27
26-Dec-10,0.27
27-Dec-10,0.27
28-Dec-10,0.3
29-Dec-10,0.3
30-Dec-10,0.3
31-Dec-10,0.3
01-Jan-11,0.3
02-Jan-11,0.3
03-Jan-11,0.3
04-Jan-11,0.3
05-Jan-11,0.3
06-Jan-11,0.32
07-Jan-11,0.32
08-Jan-11,0.32
09-Jan-11,0.33
10-Jan-11,0.33
11-Jan-11,0.33
12-Jan-11,0.41
13-Jan-11,0.45
14-Jan-11,0.42
15-Jan-11,0.4
16-Jan-11,0.4
17-Jan-11,0.4
18-Jan-11,0.34
19-Jan-11,0.37
20-Jan-11,0.35
21-Jan-11,0.43
22-Jan-11,0.44
23-Jan-11,0.43
24-Jan-11,0.43
25-Jan-11,0.43
26-Jan-11,0.43
27-Jan-11,0.45
28-Jan-11,0.45
29-Jan-11,0.45
30-Jan-11,0.5
31-Jan-11,0.95
01-Feb-11,0.61
02-Feb-11,0.75
03-Feb-11,0.88
04-Feb-11,0.78
05-Feb-11,0.92
06-Feb-11,0.91
07-Feb-11,0.92
08-Feb-11,0.94
09-Feb-11,1.1
10-Feb-11,0.97
11-Feb-11,1.09
12-Feb-11,1.08
13-Feb-11,1.09
14-Feb-11,1.09
15-Feb-11,1.05
16-Feb-11,1.08
17-Feb-11,1.05
18-Feb-11,1.02
19-Feb-11,1.04
20-Feb-11,0.88
21-Feb-11,0.87
22-Feb-11,0.88
23-Feb-11,0.95
24-Feb-11,1
25-Feb-11,0.96
26-Feb-11,0.96
27-Feb-11,0.95
28-Feb-11,0.96
01-Mar-11,0.95
02-Mar-11,0.94
03-Mar-11,0.95
04-Mar-11,0.92
05-Mar-11,0.91
06-Mar-11,0.92
07-Mar-11,0.91
08-Mar-11,0.88
09-Mar-11,0.9
10-Mar-11,0.93
11-Mar-11,0.92
12-Mar-11,0.93
13-Mar-11,0.9
14-Mar-11,0.9
15-Mar-11,0.9
16-Mar-11,0.88
17-Mar-11,0.85
18-Mar-11,0.87
19-Mar-11,0.79
20-Mar-11,0.79
21-Mar-11,0.79
22-Mar-11,0.85
23-Mar-11,0.9
24-Mar-11,0.86
25-Mar-11,0.91
26-Mar-11,0.9
27-Mar-11,0.9
28-Mar-11,0.8
29-Mar-11,0.8
30-Mar-11,0.8
31-Mar-11,0.8
01-Apr-11,0.8
02-Apr-11,0.8
03-Apr-11,0.79
04-Apr-11,0.71
05-Apr-11,0.77
06-Apr-11,0.77
07-Apr-11,0.8
08-Apr-11,0.78
09-Apr-11,0.76
10-Apr-11,0.78
11-Apr-11,0.76
12-Apr-11,1
13-Apr-11,0.94
14-Apr-11,0.99
15-Apr-11,1.1
16-Apr-11,1.09
17-Apr-11,1.09
18-Apr-11,1.19
19-Apr-11,1.2
20-Apr-11,1.19
21-Apr-11,1.33
22-Apr-11,1.55
23-Apr-11,1.38
24-Apr-11,1.7
25-Apr-11,1.73
26-Apr-11,1.71
27-Apr-11,2.65
28-Apr-11,2.7
29-Apr-11,2.66
30-Apr-11,4.09
01-May-11,3.5
02-May-11,3.95
03-May-11,3.58
04-May-11,3.5
05-May-11,3.56
06-May-11,3.7
07-May-11,3.9
08-May-11,3.75
09-May-11,5.2
10-May-11,6.07
11-May-11,5.41
12-May-11,8.45
13-May-11,8.9
14-May-11,8.56
15-May-11,8.5
16-May-11,8.39
17-May-11,8.47
18-May-11,7.34
19-May-11,7.1
20-May-11,7.28
21-May-11,6.61
22-May-11,7.45
23-May-11,6.81
24-May-11,7.51
25-May-11,9.33
26-May-11,7.95
27-May-11,8.74
28-May-11,8.5
29-May-11,8.68
30-May-11,9.5
31-May-11,9.39
01-Jun-11,9.47
02-Jun-11,14.3
03-Jun-11,17.41
04-Jun-11,15.05
05-Jun-11,19.23
06-Jun-11,19.06
07-Jun-11,19.19
08-Jun-11,31.5
09-Jun-11,35
10-Jun-11,32.34
11-Jun-11,24.99
12-Jun-11,24.5
13-Jun-11,24.87
14-Jun-11,20
15-Jun-11,19.96
16-Jun-11,19.99
17-Jun-11,17.2
18-Jun-11,18.88
19-Jun-11,17.6
20-Jun-11,15.5
21-Jun-11,15.05
22-Jun-11,15.39
23-Jun-11,16.75
24-Jun-11,17.6
25-Jun-11,16.95
26-Jun-11,18
27-Jun-11,17.52
28-Jun-11,17.89
29-Jun-11,17.5
30-Jun-11,17
01-Jul-11,17.38
02-Jul-11,15.7
03-Jul-11,15.85
04-Jul-11,15.74
05-Jul-11,16.5
06-Jul-11,16.25
07-Jul-11,16.44
08-Jul-11,15
09-Jul-11,15.68
10-Jul-11,15.16
11-Jul-11,14.64
12-Jul-11,14.15
13-Jul-11,14.52
14-Jul-11,14.3
15-Jul-11,14.1
16-Jul-11,14.25
17-Jul-11,13.69
18-Jul-11,14.7
19-Jul-11,13.93
20-Jul-11,13.94
21-Jul-11,13.94
22-Jul-11,13.94
23-Jul-11,13.98
24-Jul-11,14.74
25-Jul-11,14.16
26-Jul-11,14.13
27-Jul-11,14
28-Jul-11,14.1
29-Jul-11,13.8
30-Jul-11,14.9
31-Jul-11,14.06
01-Aug-11,13.45
02-Aug-11,13.1
03-Aug-11,13.37
04-Aug-11,11.55
05-Aug-11,11
06-Aug-11,11.42
07-Aug-11,8.89
08-Aug-11,12.1
09-Aug-11,9.66
10-Aug-11,10.5
11-Aug-11,9.9
12-Aug-11,10.35
13-Aug-11,11.24
14-Aug-11,11.89
15-Aug-11,11.4
16-Aug-11,11.3
17-Aug-11,11.67
18-Aug-11,11.39
19-Aug-11,11.8
20-Aug-11,11.59
21-Aug-11,11.75
22-Aug-11,11.49
23-Aug-11,11.4
24-Aug-11,11.47
25-Aug-11,10.3
26-Aug-11,9.11
27-Aug-11,10.01
28-Aug-11,9.48
29-Aug-11,9.15
30-Aug-11,9.4
31-Aug-11,8.45
01-Sep-11,8.5
02-Sep-11,8.46
03-Sep-11,8.59
04-Sep-11,8.47
05-Sep-11,8.56
06-Sep-11,7.6
07-Sep-11,7.32
08-Sep-11,7.53
09-Sep-11,6.21
10-Sep-11,7.4
11-Sep-11,6.49
12-Sep-11,6.25
13-Sep-11,5.99
14-Sep-11,6.19
15-Sep-11,5.23
16-Sep-11,5.02
17-Sep-11,5.18
18-Sep-11,5.6
19-Sep-11,6.8
20-Sep-11,5.89
21-Sep-11,5.83
22-Sep-11,5.71
23-Sep-11,5.8
24-Sep-11,5.5
25-Sep-11,5.46
26-Sep-11,5.49
27-Sep-11,4.99
28-Sep-11,4.81
29-Sep-11,4.95
30-Sep-11,5.3
01-Oct-11,5.16
02-Oct-11,5.27
03-Oct-11,5.03
04-Oct-11,5.03
05-Oct-11,5.03
06-Oct-11,4.85
07-Oct-11,4.59
08-Oct-11,4.79
09-Oct-11,4.26
10-Oct-11,4.14
11-Oct-11,4.23
12-Oct-11,4.45
13-Oct-11,4.11
14-Oct-11,4.37
15-Oct-11,3.9
16-Oct-11,3.76
17-Oct-11,3.87
18-Oct-11,2.65
19-Oct-11,2.42
20-Oct-11,2.59
21-Oct-11,3.3
22-Oct-11,3.36
23-Oct-11,3.31
24-Oct-11,3.04
25-Oct-11,2.88
26-Oct-11,3
27-Oct-11,3.26
28-Oct-11,3.83
29-Oct-11,3.39
30-Oct-11,3.39
31-Oct-11,3.35
01-Nov-11,3.38
02-Nov-11,3.3
03-Nov-11,3.22
04-Nov-11,3.28
05-Nov-11,3.05
06-Nov-11,3.03
07-Nov-11,3.04
08-Nov-11,3.11
09-Nov-11,3
10-Nov-11,3.09
11-Nov-11,3.11
12-Nov-11,3.1
13-Nov-11,3.11
14-Nov-11,2.69
15-Nov-11,2.6
16-Nov-11,2.67
17-Nov-11,2.39
18-Nov-11,2.3
19-Nov-11,2.37
20-Nov-11,2.29
21-Nov-11,2.35
22-Nov-11,2.3
23-Nov-11,2.46
24-Nov-11,2.56
25-Nov-11,2.48
26-Nov-11,2.5
27-Nov-11,2.54
28-Nov-11,2.51
29-Nov-11,2.96
30-Nov-11,3.14
01-Dec-11,3
02-Dec-11,3.13
03-Dec-11,2.99
04-Dec-11,3.1
05-Dec-11,3.05
06-Dec-11,3.08
07-Dec-11,3.06
08-Dec-11,3.04
09-Dec-11,3.04
10-Dec-11,3.04
11-Dec-11,3.34
12-Dec-11,3.3
13-Dec-11,3.33
14-Dec-11,3.19
15-Dec-11,3.23
16-Dec-11,3.2
17-Dec-11,3.25
18-Dec-11,3.7
19-Dec-11,3.36
20-Dec-11,4.11
21-Dec-11,3.99
22-Dec-11,4.08
23-Dec-11,3.95
24-Dec-11,4.39
25-Dec-11,4.06
26-Dec-11,4.06
27-Dec-11,4.19
28-Dec-11,4.09
29-Dec-11,4.3
30-Dec-11,5
31-Dec-11,4.47
01-Jan-12,5.5
02-Jan-12,5.29
03-Jan-12,5.45
04-Jan-12,6.4
05-Jan-12,7.22
06-Jan-12,6.6
07-Jan-12,7.2
08-Jan-12,7.2
09-Jan-12,7.2
10-Jan-12,7.14
11-Jan-12,7
12-Jan-12,7.1
13-Jan-12,6.75
14-Jan-12,6.99
15-Jan-12,6.81
16-Jan-12,6.98
17-Jan-12,6.95
18-Jan-12,6.97
19-Jan-12,6.58
20-Jan-12,6.55
21-Jan-12,6.57
22-Jan-12,6.45
23-Jan-12,6.52
24-Jan-12,6.47
25-Jan-12,6.2
26-Jan-12,5.69
27-Jan-12,6.08
28-Jan-12,5.76
29-Jan-12,5.6
30-Jan-12,5.72
31-Jan-12,5.64
01-Feb-12,6.2
02-Feb-12,5.77
03-Feb-12,6
04-Feb-12,5.96
05-Feb-12,5.99
06-Feb-12,5.71
07-Feb-12,5.85
08-Feb-12,5.74
09-Feb-12,5.93
10-Feb-12,6
11-Feb-12,5.94
12-Feb-12,5.72
13-Feb-12,5.6
14-Feb-12,5.69
15-Feb-12,4.73
16-Feb-12,4.77
17-Feb-12,4.74
18-Feb-12,4.33
19-Feb-12,4.52
20-Feb-12,4.38
21-Feb-12,4.54
22-Feb-12,4.92
23-Feb-12,4.63
24-Feb-12,5.07
25-Feb-12,5
26-Feb-12,5.05
27-Feb-12,5
28-Feb-12,4.9
29-Feb-12,4.98
01-Mar-12,4.99
02-Mar-12,4.78
03-Mar-12,4.94
04-Mar-12,5.04
05-Mar-12,5.05
06-Mar-12,5.04
07-Mar-12,5
08-Mar-12,4.95
09-Mar-12,4.99
10-Mar-12,4.99
11-Mar-12,4.96
12-Mar-12,4.98
13-Mar-12,5.44
14-Mar-12,5.45
15-Mar-12,5.45
16-Mar-12,5.4
17-Mar-12,5.38
18-Mar-12,5.4
19-Mar-12,4.98
20-Mar-12,4.87
21-Mar-12,4.95
22-Mar-12,4.83
23-Mar-12,4.75
24-Mar-12,4.81
25-Mar-12,4.74
26-Mar-12,4.74
27-Mar-12,4.74
28-Mar-12,4.86
29-Mar-12,4.83
30-Mar-12,4.85
31-Mar-12,4.93
01-Apr-12,5.08
02-Apr-12,4.97
03-Apr-12,4.97
04-Apr-12,4.94
05-Apr-12,4.96
06-Apr-12,4.98
07-Apr-12,4.8
08-Apr-12,4.94
09-Apr-12,4.9
10-Apr-12,4.89
11-Apr-12,4.9
12-Apr-12,4.94
13-Apr-12,5.03
14-Apr-12,4.97
15-Apr-12,4.98
16-Apr-12,5.02
17-Apr-12,4.99
18-Apr-12,5.19
19-Apr-12,5.17
20-Apr-12,5.19
21-Apr-12,5.33
22-Apr-12,5.22
23-Apr-12,5.3
24-Apr-12,5.16
25-Apr-12,5.18
26-Apr-12,5.16
27-Apr-12,5.12
28-Apr-12,5.02
29-Apr-12,5.09
30-Apr-12,5
01-May-12,5.18
02-May-12,5.04
03-May-12,5.15
04-May-12,5.15
05-May-12,5.15
06-May-12,5.09
07-May-12,5.1
08-May-12,5.1
09-May-12,5.13
10-May-12,5.03
11-May-12,5.1
12-May-12,5
13-May-12,5.04
14-May-12,5.01
15-May-12,5.09
16-May-12,5.13
17-May-12,5.1
18-May-12,5.14
19-May-12,5.15
20-May-12,5.14
21-May-12,5.12
22-May-12,5.16
23-May-12,5.13
24-May-12,5.15
25-May-12,5.15
26-May-12,5.15
27-May-12,5.16
28-May-12,5.16
29-May-12,5.16
30-May-12,5.19
31-May-12,5.27
01-Jun-12,5.21
02-Jun-12,5.26
03-Jun-12,5.28
04-Jun-12,5.27
05-Jun-12,5.47
06-Jun-12,5.53
07-Jun-12,5.48
08-Jun-12,5.7
09-Jun-12,5.62
10-Jun-12,5.68
11-Jun-12,5.7
12-Jun-12,5.96
13-Jun-12,5.76
14-Jun-12,6.17
15-Jun-12,6.6
16-Jun-12,6.27
17-Jun-12,6.47
18-Jun-12,6.53
19-Jun-12,6.48
20-Jun-12,6.8
21-Jun-12,6.8
22-Jun-12,6.8
23-Jun-12,6.59
24-Jun-12,6.45
25-Jun-12,6.56
26-Jun-12,6.56
27-Jun-12,6.67
28-Jun-12,6.58
29-Jun-12,6.69
30-Jun-12,6.69
01-Jul-12,6.69
02-Jul-12,6.77
03-Jul-12,6.55
04-Jul-12,6.71
05-Jul-12,6.73
06-Jul-12,6.75
07-Jul-12,6.74
08-Jul-12,6.9
09-Jul-12,7.24
10-Jul-12,6.98
11-Jul-12,7.32
12-Jul-12,7.9
13-Jul-12,7.46
14-Jul-12,7.65
15-Jul-12,8.29
16-Jul-12,7.8
17-Jul-12,9.4
18-Jul-12,9.27
19-Jul-12,9.37
20-Jul-12,9.7
21-Jul-12,9
22-Jul-12,9.53
23-Jul-12,8.96
24-Jul-12,8.77
25-Jul-12,8.91
26-Jul-12,8.95
27-Jul-12,8.93
28-Jul-12,8.95
29-Jul-12,9.15
30-Jul-12,9.44
31-Jul-12,9.22
01-Aug-12,9.8
02-Aug-12,11.12
03-Aug-12,10.12
04-Aug-12,11.19
05-Aug-12,11.29
06-Aug-12,11.21
07-Aug-12,11.15
08-Aug-12,12
09-Aug-12,11.35
10-Aug-12,11.6
11-Aug-12,11.77
12-Aug-12,11.64
13-Aug-12,12.18
14-Aug-12,12.67
15-Aug-12,12.3
16-Aug-12,15.4
17-Aug-12,15.26
18-Aug-12,15.37
19-Aug-12,10.5
20-Aug-12,10.3
21-Aug-12,10.45
22-Aug-12,10.25
23-Aug-12,10.25
24-Aug-12,10.25
25-Aug-12,10.62
26-Aug-12,12.15
27-Aug-12,10.99
28-Aug-12,11.21
29-Aug-12,10.94
30-Aug-12,11.14
31-Aug-12,10.42
01-Sep-12,10.19
02-Sep-12,10.36
03-Sep-12,10.59
04-Sep-12,10.58
05-Sep-12,10.59
06-Sep-12,11.29
07-Sep-12,11.21
08-Sep-12,11.27
09-Sep-12,11.13
10-Sep-12,11.19
11-Sep-12,11.14
12-Sep-12,11.4
13-Sep-12,11.75
14-Sep-12,11.48
15-Sep-12,11.99
16-Sep-12,11.96
17-Sep-12,11.98
18-Sep-12,12.61
19-Sep-12,12.69
20-Sep-12,12.63
21-Sep-12,12.44
22-Sep-12,12.27
23-Sep-12,12.4
24-Sep-12,12.23
25-Sep-12,12.28
26-Sep-12,12.24
27-Sep-12,12.44
28-Sep-12,12.49
29-Sep-12,12.46
30-Sep-12,12.48
01-Oct-12,12.88
02-Oct-12,12.58
03-Oct-12,13.09
04-Oct-12,12.99
05-Oct-12,13.07
06-Oct-12,12.74
07-Oct-12,12.08
08-Oct-12,12.58
09-Oct-12,12.15
10-Oct-12,12.19
11-Oct-12,12.16
12-Oct-12,12.14
13-Oct-12,12
14-Oct-12,12.1
15-Oct-12,11.99
16-Oct-12,11.99
17-Oct-12,11.99
18-Oct-12,11.97
19-Oct-12,11.85
20-Oct-12,11.94
21-Oct-12,11.81
22-Oct-12,12
23-Oct-12,11.86
24-Oct-12,11.71
25-Oct-12,11.1
26-Oct-12,11.56
27-Oct-12,10.61
28-Oct-12,10.95
29-Oct-12,10.69
30-Oct-12,11.14
31-Oct-12,11.28
01-Nov-12,11.17
02-Nov-12,10.6
03-Nov-12,10.68
04-Nov-12,10.62
05-Nov-12,10.89
06-Nov-12,11.22
07-Nov-12,10.97
08-Nov-12,11.07
09-Nov-12,10.96
10-Nov-12,11.04
11-Nov-12,11.18
12-Nov-12,11.13
13-Nov-12,11.17
14-Nov-12,11.11
15-Nov-12,11.8
16-Nov-12,11.28
17-Nov-12,11.83
18-Nov-12,11.8
19-Nov-12,11.82
20-Nov-12,11.78
21-Nov-12,12.28
22-Nov-12,11.9
23-Nov-12,12.41
24-Nov-12,12.6
25-Nov-12,12.46
26-Nov-12,12.53
27-Nov-12,12.41
28-Nov-12,12.5
29-Nov-12,12.65
30-Nov-12,12.69
01-Dec-12,12.66
02-Dec-12,12.68
03-Dec-12,12.97
04-Dec-12,12.75
05-Dec-12,13.69
06-Dec-12,13.68
07-Dec-12,13.69
08-Dec-12,13.53
09-Dec-12,13.55
10-Dec-12,13.53
11-Dec-12,13.64
12-Dec-12,13.8
13-Dec-12,13.8
14-Dec-12,13.77
15-Dec-12,13.67
16-Dec-12,13.75
17-Dec-12,13.4
18-Dec-12,13.4
19-Dec-12,13.4
20-Dec-12,13.65
21-Dec-12,13.59
22-Dec-12,13.63
23-Dec-12,13.45
24-Dec-12,13.45
25-Dec-12,13.45
26-Dec-12,13.47
27-Dec-12,13.65
28-Dec-12,13.51
29-Dec-12,13.57
30-Dec-12,13.59
31-Dec-12,13.57
01-Jan-13,13.4
02-Jan-13,13.46
03-Jan-13,13.42
04-Jan-13,13.55
05-Jan-13,13.53
06-Jan-13,13.54
07-Jan-13,13.83
08-Jan-13,13.88
09-Jan-13,13.84
10-Jan-13,14.3
11-Jan-13,14.35
12-Jan-13,14.31
13-Jan-13,14.3
14-Jan-13,14.48
15-Jan-13,14.34
16-Jan-13,15.39
17-Jan-13,15.99
18-Jan-13,15.53
19-Jan-13,15.89
20-Jan-13,16.98
21-Jan-13,16.15
22-Jan-13,17.59
23-Jan-13,19.19
24-Jan-13,17.97
25-Jan-13,17.62
26-Jan-13,18
27-Jan-13,17.71
28-Jan-13,19.8
29-Jan-13,19.7
30-Jan-13,19.78
31-Jan-13,21.3
01-Feb-13,21.1
02-Feb-13,21.25
03-Feb-13,21.05
04-Feb-13,20.79
05-Feb-13,20.99
06-Feb-13,22.15
07-Feb-13,22.15
08-Feb-13,22.15
09-Feb-13,23.61
10-Feb-13,24.2
11-Feb-13,23.97
12-Feb-13,26.1
13-Feb-13,26.53
14-Feb-13,24.3
15-Feb-13,27.07
16-Feb-13,25.61
17-Feb-13,27.39
18-Feb-13,28.79
19-Feb-13,29.81
20-Feb-13,29.48
21-Feb-13,30.9
22-Feb-13,29.28
23-Feb-13,30.52
24-Feb-13,30.25
25-Feb-13,31.18
26-Feb-13,30.4
27-Feb-13,33.5
28-Feb-13,34.88
01-Mar-13,33.36
02-Mar-13,34.1
03-Mar-13,36.35
04-Mar-13,34.25
05-Mar-13,47.5
06-Mar-13,42.49
07-Mar-13,42
08-Mar-13,46.01
09-Mar-13,46.5
10-Mar-13,46.93
11-Mar-13,45.02
12-Mar-13,46.8
13-Mar-13,44.32
14-Mar-13,47.25
15-Mar-13,47.11
16-Mar-13,46.9
17-Mar-13,47.65
18-Mar-13,57.76
19-Mar-13,52.12
20-Mar-13,73.8
21-Mar-13,71.5
22-Mar-13,70.25
23-Mar-13,70.1
24-Mar-13,73.89
25-Mar-13,71.93
26-Mar-13,88.9
27-Mar-13,93.57
28-Mar-13,88.8
29-Mar-13,91
30-Mar-13,92.5
31-Mar-13,92.5
01-Apr-13,108.73
02-Apr-13,138.79
03-Apr-13,117.34
04-Apr-13,143.8
05-Apr-13,142.5
06-Apr-13,142.1
07-Apr-13,184
08-Apr-13,237.99
09-Apr-13,186.96
10-Apr-13,123.4
11-Apr-13,76.49
12-Apr-13,124.9
13-Apr-13,91
14-Apr-13,91
15-Apr-13,100
16-Apr-13,85.6
17-Apr-13,96.5
18-Apr-13,93.9
19-Apr-13,123.86
20-Apr-13,125
21-Apr-13,127.5
22-Apr-13,136.08
23-Apr-13,153.2
24-Apr-13,142.5
25-Apr-13,135.6
26-Apr-13,128
27-Apr-13,137
28-Apr-13,141.5
29-Apr-13,139.11
30-Apr-13,144.54
01-May-13,105
02-May-13,93.15
03-May-13,103.3
04-May-13,117.89
05-May-13,120.95
06-May-13,115.98
07-May-13,113.95
08-May-13,109.56
09-May-13,113.35
10-May-13,115.4
11-May-13,114.32
12-May-13,115.68
13-May-13,119
14-May-13,114.98
15-May-13,112
16-May-13,124.49
17-May-13,123.75
18-May-13,123.32
19-May-13,122.65
20-May-13,122.5
21-May-13,122.02
22-May-13,125.67
23-May-13,131.5
24-May-13,126.7
25-May-13,134.05
26-May-13,132.61
27-May-13,133.5
28-May-13,129.98
29-May-13,131
30-May-13,132.3
31-May-13,129.2
01-Jun-13,120.6
02-Jun-13,129.3
03-Jun-13,120.57
04-Jun-13,122.41
05-Jun-13,121.42
06-Jun-13,110.3
07-Jun-13,107.8
08-Jun-13,111.5
09-Jun-13,104.97
10-Jun-13,108
11-Jun-13,106.1
12-Jun-13,109
13-Jun-13,100
14-Jun-13,103.9
15-Jun-13,100
16-Jun-13,100.53
17-Jun-13,99.9
18-Jun-13,107.84
19-Jun-13,111.97
20-Jun-13,107.68
21-Jun-13,109.09
22-Jun-13,107.68
23-Jun-13,108.35
24-Jun-13,103.87
25-Jun-13,104.41
26-Jun-13,103.89
27-Jun-13,96.63
28-Jun-13,95.85
29-Jun-13,94.65
30-Jun-13,91
01-Jul-13,89.55
02-Jul-13,87
03-Jul-13,79.8
04-Jul-13,67.86
05-Jul-13,80.04
06-Jul-13,70.94
07-Jul-13,77.64
08-Jul-13,75
09-Jul-13,78.59
10-Jul-13,87.15
11-Jul-13,87.9
12-Jul-13,96
13-Jul-13,94.75
14-Jul-13,98
15-Jul-13,97.01
16-Jul-13,97.97
17-Jul-13,97.05
18-Jul-13,93.41
19-Jul-13,91.88
20-Jul-13,92
21-Jul-13,91.79
22-Jul-13,95.4
23-Jul-13,91.99
24-Jul-13,96.2
25-Jul-13,96.39
26-Jul-13,97
27-Jul-13,99
28-Jul-13,101.04
29-Jul-13,98.7
30-Jul-13,104.96
31-Jul-13,104.19
01-Aug-13,106.2
02-Aug-13,103.8
03-Aug-13,104.67
04-Aug-13,104.95
05-Aug-13,106.88
06-Aug-13,105.6
07-Aug-13,106.56
08-Aug-13,102.3
09-Aug-13,102.62
10-Aug-13,102.8
11-Aug-13,104.99
12-Aug-13,107.3
13-Aug-13,106.64
14-Aug-13,98.28
15-Aug-13,98.51
16-Aug-13,98.08
17-Aug-13,99.02
18-Aug-13,102.07
19-Aug-13,99.3
20-Aug-13,109.75
21-Aug-13,111.01
22-Aug-13,110.43
23-Aug-13,108.79
24-Aug-13,112.9
25-Aug-13,109.04
26-Aug-13,117.52
27-Aug-13,119.25
28-Aug-13,117.72
29-Aug-13,124.79
30-Aug-13,132.75
31-Aug-13,124.84
01-Sep-13,131.03
02-Sep-13,130.45
03-Sep-13,130.09
04-Sep-13,124.51
05-Sep-13,122.44
06-Sep-13,122.63
07-Sep-13,118.51
08-Sep-13,121.66
09-Sep-13,118.18
10-Sep-13,124.1
11-Sep-13,128.45
12-Sep-13,126.54
13-Sep-13,124.32
14-Sep-13,125.46
15-Sep-13,124.05
16-Sep-13,127.56
17-Sep-13,127.23
18-Sep-13,139.15
19-Sep-13,123.98
20-Sep-13,123.5
21-Sep-13,123.04
22-Sep-13,123.02
23-Sep-13,122.59
24-Sep-13,122.65
25-Sep-13,123.85
26-Sep-13,125.6
27-Sep-13,124.65
28-Sep-13,128.1
29-Sep-13,125.8
30-Sep-13,127.01
01-Oct-13,104.47
02-Oct-13,116.95
03-Oct-13,103.85
04-Oct-13,121.51
05-Oct-13,121.6
06-Oct-13,121.2
07-Oct-13,123.84
08-Oct-13,126.08
09-Oct-13,124.12
10-Oct-13,126.84
11-Oct-13,127.53
12-Oct-13,127.41
13-Oct-13,135.69
14-Oct-13,139.24
15-Oct-13,135.17
16-Oct-13,143.33
17-Oct-13,150.59
18-Oct-13,143.94
19-Oct-13,165.71
20-Oct-13,177.07
21-Oct-13,186.12
22-Oct-13,199.95
23-Oct-13,195.78
24-Oct-13,203.7
25-Oct-13,179.71
26-Oct-13,189.06
27-Oct-13,179.56
28-Oct-13,202.09
29-Oct-13,203.39
30-Oct-13,216
31-Oct-13,203.24
01-Nov-13,204.15
02-Nov-13,203
03-Nov-13,225.1
04-Nov-13,246.63
05-Nov-13,229.95
06-Nov-13,292.32
07-Nov-13,325.56
08-Nov-13,291.02
09-Nov-13,296.91
10-Nov-13,339.38
11-Nov-13,328
12-Nov-13,391.64
13-Nov-13,416.5
14-Nov-13,393
15-Nov-13,433.53
16-Nov-13,463
17-Nov-13,437.24
18-Nov-13,559.99
19-Nov-13,595
20-Nov-13,547
21-Nov-13,761
22-Nov-13,837.99
23-Nov-13,795
24-Nov-13,814
25-Nov-13,844.9
26-Nov-13,814.56
27-Nov-13,1009
28-Nov-13,1083.9
29-Nov-13,1014.1
30-Nov-13,970
01-Dec-13,992.27
02-Dec-13,955.01
03-Dec-13,1151
04-Dec-13,1028.34
05-Dec-13,1136.9
06-Dec-13,727.29
07-Dec-13,722.99
08-Dec-13,705.91
09-Dec-13,936.98
10-Dec-13,886.2
11-Dec-13,978.76
12-Dec-13,874
13-Dec-13,864.7
14-Dec-13,885
15-Dec-13,709
16-Dec-13,702.05
17-Dec-13,690
18-Dec-13,653
19-Dec-13,660
20-Dec-13,685.3
21-Dec-13,637
22-Dec-13,639.9
23-Dec-13,614.11
24-Dec-13,658.07
25-Dec-13,734.42
26-Dec-13,679.02
27-Dec-13,701.61
28-Dec-13,714.79
29-Dec-13,715
30-Dec-13,731
31-Dec-13,746.9
01-Jan-14,732
02-Jan-14,806.21
03-Jan-14,822.38
04-Jan-14,807.39
05-Jan-14,934.21
06-Jan-14,867.38
07-Jan-14,915.69
08-Jan-14,809.17
09-Jan-14,827.46
10-Jan-14,826.28
11-Jan-14,851
12-Jan-14,807.83
13-Jan-14,844.04
14-Jan-14,847.7
15-Jan-14,830.9
16-Jan-14,841.83
17-Jan-14,801.53
18-Jan-14,833
19-Jan-14,811.2
20-Jan-14,822.56
21-Jan-14,813.05
22-Jan-14,824.78
23-Jan-14,789.1
24-Jan-14,806
25-Jan-14,780.02
26-Jan-14,777
27-Jan-14,800.2
28-Jan-14,747.57
29-Jan-14,799.37
30-Jan-14,802.5
31-Jan-14,800
01-Feb-14,819.57
02-Feb-14,813.8
03-Feb-14,814.34
04-Feb-14,800
05-Feb-14,778
06-Feb-14,781
07-Feb-14,707
08-Feb-14,710
09-Feb-14,680.8
10-Feb-14,670
11-Feb-14,667.01
12-Feb-14,675.1
13-Feb-14,672.1
14-Feb-14,651.42
15-Feb-14,670.29
16-Feb-14,642
17-Feb-14,626.77
18-Feb-14,629.96
19-Feb-14,582.7
20-Feb-14,566.16
21-Feb-14,563
22-Feb-14,626.77
23-Feb-14,545
24-Feb-14,611.05
25-Feb-14,585.38
26-Feb-14,585.17
27-Feb-14,585.21
28-Feb-14,571.5
01-Mar-14,559.88
02-Mar-14,567.48
03-Mar-14,677.61
04-Mar-14,664.85
05-Mar-14,673.28
06-Mar-14,621.3
07-Mar-14,609
08-Mar-14,631.99
09-Mar-14,621.99
10-Mar-14,622.9
11-Mar-14,629.33
12-Mar-14,642.61
13-Mar-14,636.47
14-Mar-14,641.01
15-Mar-14,634.94
16-Mar-14,624.7
17-Mar-14,634.99
18-Mar-14,608.41
19-Mar-14,590
20-Mar-14,611.2
21-Mar-14,557
22-Mar-14,567.13
23-Mar-14,563.01
24-Mar-14,580.02
25-Mar-14,585.7
26-Mar-14,585.79
27-Mar-14,503
28-Mar-14,499.94
29-Mar-14,499.6
30-Mar-14,457
31-Mar-14,479.51
01-Apr-14,457.49
02-Apr-14,446.31
03-Apr-14,446.01
04-Apr-14,448.72
05-Apr-14,459.67
06-Apr-14,447.74
07-Apr-14,458
08-Apr-14,443.1
09-Apr-14,401
10-Apr-14,441.93
11-Apr-14,424.98
12-Apr-14,405
13-Apr-14,423.37
14-Apr-14,489.91
15-Apr-14,511.5
16-Apr-14,523
17-Apr-14,479.98
18-Apr-14,499.9
19-Apr-14,482.11
20-Apr-14,496.5
21-Apr-14,493.33
22-Apr-14,498.38
23-Apr-14,491.6
24-Apr-14,459.15
25-Apr-14,502.15
26-Apr-14,440.1
27-Apr-14,447
28-Apr-14,438.8
29-Apr-14,449
30-Apr-14,460.01
01-May-14,452.03
02-May-14,434.5
03-May-14,436.21
04-May-14,440
05-May-14,430.33
06-May-14,446.65
07-May-14,428.01
08-May-14,452.02
09-May-14,452.42
10-May-14,449
11-May-14,441.5
12-May-14,438.95
13-May-14,442.45
14-May-14,448.99
15-May-14,449.51
16-May-14,446.53
17-May-14,447.14
18-May-14,446.42
19-May-14,446.89
20-May-14,494.87
21-May-14,523.84
22-May-14,493.97
23-May-14,521.52
24-May-14,575
25-May-14,527.91
26-May-14,581.87
27-May-14,574.33
28-May-14,572.7
29-May-14,609.03
30-May-14,620.45
31-May-14,621.3
01-Jun-14,631.49
02-Jun-14,673.9
03-Jun-14,662
04-Jun-14,658.72
05-Jun-14,655.75
06-Jun-14,661.48
07-Jun-14,652
08-Jun-14,650.93
09-Jun-14,657.11
10-Jun-14,639.99
11-Jun-14,617
12-Jun-14,624.97
13-Jun-14,557.92
14-Jun-14,560.49
15-Jun-14,572.28
16-Jun-14,597.65
17-Jun-14,604.6
18-Jun-14,608
19-Jun-14,593.33
20-Jun-14,590.99
21-Jun-14,593.48
22-Jun-14,591.5
23-Jun-14,585.54
24-Jun-14,588.25
25-Jun-14,569
26-Jun-14,588.97
27-Jun-14,577.34
28-Jun-14,596
29-Jun-14,620
30-Jun-14,599.99
01-Jul-14,654
02-Jul-14,644.04
03-Jul-14,650.49
04-Jul-14,632.78
05-Jul-14,634.49
06-Jul-14,631
07-Jul-14,623.7
08-Jul-14,624.84
09-Jul-14,624.97
10-Jul-14,630.31
11-Jul-14,631.98
12-Jul-14,634
13-Jul-14,622.8
14-Jul-14,623.17
15-Jul-14,621.21
16-Jul-14,626
17-Jul-14,629.86
18-Jul-14,625.8
19-Jul-14,623.77
20-Jul-14,619.14
21-Jul-14,627
22-Jul-14,622.01
23-Jul-14,601.18
24-Jul-14,620.43
25-Jul-14,595.88
26-Jul-14,592.51
27-Jul-14,595.9
28-Jul-14,581.5
29-Jul-14,573.48
30-Jul-14,585.5
31-Jul-14,601.94
01-Aug-14,591.59
02-Aug-14,595.76
03-Aug-14,593.94
04-Aug-14,580.21
05-Aug-14,588.5
06-Aug-14,587.24
07-Aug-14,589.3
08-Aug-14,585.02
09-Aug-14,588.99
10-Aug-14,578.97
11-Aug-14,590.74
12-Aug-14,550.14
13-Aug-14,521.66
14-Aug-14,549.98
15-Aug-14,509
16-Aug-14,491.88
17-Aug-14,523.88
18-Aug-14,487.5
19-Aug-14,507.3
20-Aug-14,490
21-Aug-14,518.25
22-Aug-14,503.88
23-Aug-14,515.69
24-Aug-14,503.79
25-Aug-14,512.79
26-Aug-14,501.55
27-Aug-14,509.39
28-Aug-14,511.99
29-Aug-14,506.61
30-Aug-14,477.98
31-Aug-14,482.59
01-Sep-14,478.87
02-Sep-14,472.76
03-Sep-14,486
04-Sep-14,474.5
05-Sep-14,481.09
06-Sep-14,480.62
07-Sep-14,479.59
08-Sep-14,466.48
09-Sep-14,485.03
10-Sep-14,473.35
11-Sep-14,470.43
12-Sep-14,479.86
13-Sep-14,474.62
14-Sep-14,475.3
15-Sep-14,468
16-Sep-14,470.83
17-Sep-14,428.19
18-Sep-14,398.89
19-Sep-14,425.56
20-Sep-14,406.3
21-Sep-14,400.98
22-Sep-14,401.15
23-Sep-14,431.91
24-Sep-14,408.08
25-Sep-14,423.68
26-Sep-14,400.74
27-Sep-14,380
28-Sep-14,400.39
29-Sep-14,382.67
30-Sep-14,385.27
01-Oct-14,390.18
02-Oct-14,363.75
03-Oct-14,336
04-Oct-14,358.9
05-Oct-14,331.2
06-Oct-14,330.7
07-Oct-14,327.61
08-Oct-14,378.94
09-Oct-14,358.97
10-Oct-14,363.61
11-Oct-14,364.83
12-Oct-14,381.46
13-Oct-14,380.8
14-Oct-14,394
15-Oct-14,378.02
16-Oct-14,394.84
17-Oct-14,389.68
18-Oct-14,388.99
19-Oct-14,391
20-Oct-14,387
21-Oct-14,385.1
22-Oct-14,385.89
23-Oct-14,358.46
24-Oct-14,348.89
25-Oct-14,358.49
26-Oct-14,356.5
27-Oct-14,354.94
28-Oct-14,350.9
29-Oct-14,337
30-Oct-14,340.95
31-Oct-14,345.3
01-Nov-14,326.41
02-Nov-14,325.81
03-Nov-14,324.36
04-Nov-14,341.99
05-Nov-14,347.96
06-Nov-14,338.63
07-Nov-14,345.84
08-Nov-14,356.34
09-Nov-14,346.94
10-Nov-14,365.04
11-Nov-14,430.07
12-Nov-14,369.41
13-Nov-14,396.56
14-Nov-14,373.14
15-Nov-14,399.11
16-Nov-14,378.48
17-Nov-14,379.91
18-Nov-14,388.87
19-Nov-14,361.7
20-Nov-14,356.9
21-Nov-14,356.47
22-Nov-14,362.99
23-Nov-14,384
24-Nov-14,367.12
25-Nov-14,371.44
26-Nov-14,372.62
27-Nov-14,366.86
28-Nov-14,377.22
29-Nov-14,375.96
30-Nov-14,375.59
01-Dec-14,381.93
02-Dec-14,378.25
03-Dec-14,379.62
04-Dec-14,373.98
05-Dec-14,374.05
06-Dec-14,376
07-Dec-14,367.01
08-Dec-14,350.29
09-Dec-14,362.99
10-Dec-14,356.1
11-Dec-14,355.08
12-Dec-14,348.97
13-Dec-14,353.28
14-Dec-14,352.15
15-Dec-14,357.8
16-Dec-14,318.2
17-Dec-14,317.7
18-Dec-14,321.34
19-Dec-14,325.7
20-Dec-14,326.93
21-Dec-14,331.52
22-Dec-14,336.96
23-Dec-14,327.59
24-Dec-14,336.95
25-Dec-14,328.09
26-Dec-14,314.45
27-Dec-14,329.94
28-Dec-14,314.49
29-Dec-14,313.09
30-Dec-14,313.4
31-Dec-14,315.7
01-Jan-15,316.15
02-Jan-15,314.81
03-Jan-15,270.93
04-Jan-15,276.8
05-Jan-15,263.17
06-Jan-15,276.8
07-Jan-15,276.8
08-Jan-15,297.99
09-Jan-15,278
10-Jan-15,272.25
11-Jan-15,275.97
12-Jan-15,230.89
13-Jan-15,176.5
14-Jan-15,222
15-Jan-15,205.35
16-Jan-15,197.12
17-Jan-15,208.13
18-Jan-15,212.39
19-Jan-15,212.99
20-Jan-15,216.01
21-Jan-15,233.9
22-Jan-15,233.03
23-Jan-15,233.51
24-Jan-15,247.11
25-Jan-15,271.47
26-Jan-15,254.32
27-Jan-15,249.25
28-Jan-15,233.19
29-Jan-15,236.2
30-Jan-15,229.7
31-Jan-15,220.72
01-Feb-15,219.25
02-Feb-15,236.51
03-Feb-15,222.56
04-Feb-15,227.53
05-Feb-15,220.47
06-Feb-15,225.16
07-Feb-15,222.36
08-Feb-15,220.39
09-Feb-15,220.16
10-Feb-15,219.93
11-Feb-15,221.83
12-Feb-15,239.94
13-Feb-15,222.33
14-Feb-15,243.99
15-Feb-15,235.86
16-Feb-15,234.18
17-Feb-15,234.87
18-Feb-15,241.59
19-Feb-15,237.44
20-Feb-15,245.66
21-Feb-15,236
22-Feb-15,245.41
23-Feb-15,240.1
24-Feb-15,238.59
25-Feb-15,239.94
26-Feb-15,254
27-Feb-15,252.98
28-Feb-15,252.11
01-Mar-15,263.81
02-Mar-15,275.8
03-Mar-15,275.87
04-Mar-15,265.63
05-Mar-15,272.12
06-Mar-15,273.11
07-Mar-15,273.87
08-Mar-15,287.48
09-Mar-15,275
10-Mar-15,293.29
11-Mar-15,297.39
12-Mar-15,296.56
13-Mar-15,284.21
14-Mar-15,283.57
15-Mar-15,282.2
16-Mar-15,287.02
17-Mar-15,265.85
18-Mar-15,284.48
19-Mar-15,259.8
20-Mar-15,257.83
21-Mar-15,262.1
22-Mar-15,266.07
23-Mar-15,247.83
24-Mar-15,265.99
25-Mar-15,251.98
26-Mar-15,248.63
27-Mar-15,249.23
28-Mar-15,244.05
29-Mar-15,245.18
30-Mar-15,242.34
31-Mar-15,242.7
01-Apr-15,252.44
02-Apr-15,246.49
03-Apr-15,253.77
04-Apr-15,257.03
05-Apr-15,253.67
06-Apr-15,255.48
07-Apr-15,245.89
08-Apr-15,253.9
09-Apr-15,235.71
10-Apr-15,236.7
11-Apr-15,236
12-Apr-15,225.99
13-Apr-15,216
14-Apr-15,223.01
15-Apr-15,229.62
16-Apr-15,222.67
17-Apr-15,227.5
18-Apr-15,225.72
19-Apr-15,224.63
20-Apr-15,222.61
21-Apr-15,237.34
22-Apr-15,235.48
23-Apr-15,233.59
24-Apr-15,228.6
25-Apr-15,218.42
26-Apr-15,226.29
27-Apr-15,222.66
28-Apr-15,225.69
29-Apr-15,225.2
30-Apr-15,233.43
01-May-15,234.13
02-May-15,230.97
03-May-15,236.17
04-May-15,234.66
05-May-15,238.25
06-May-15,233.99
07-May-15,244.72
08-May-15,237.16
09-May-15,239.35
10-May-15,244.19
11-May-15,239.11
12-May-15,242.72
13-May-15,238.32
14-May-15,235.97
15-May-15,236.63
16-May-15,235.78
17-May-15,236.63
18-May-15,232.04
19-May-15,234.6
20-May-15,231.4
21-May-15,240.5
22-May-15,238.77
23-May-15,238.8
24-May-15,235.65
25-May-15,235.94
26-May-15,235.59
27-May-15,236.48
28-May-15,235.87
29-May-15,236.44
30-May-15,231.95
31-May-15,222.4
01-Jun-15,228.34
02-Jun-15,226.29
03-Jun-15,225.54
04-Jun-15,225.4
05-Jun-15,224.49
06-Jun-15,222.6
07-Jun-15,224.99
08-Jun-15,230.1
09-Jun-15,228.01
10-Jun-15,228.88
11-Jun-15,229.98
12-Jun-15,230.22
13-Jun-15,229.6
14-Jun-15,236.46
15-Jun-15,245.35
16-Jun-15,236
17-Jun-15,248.25
18-Jun-15,246.45
19-Jun-15,248.26
20-Jun-15,242.47
21-Jun-15,246.35
22-Jun-15,243.55
23-Jun-15,240.64
24-Jun-15,241.92
25-Jun-15,240.2
26-Jun-15,248.5
27-Jun-15,248.76
28-Jun-15,251.21
29-Jun-15,262.53
30-Jun-15,257.85
01-Jul-15,262.43
02-Jul-15,255.1
03-Jul-15,257.92
04-Jul-15,256.12
05-Jul-15,273.37
06-Jul-15,267.26
07-Jul-15,268.53
08-Jul-15,270.68
09-Jul-15,286.98
10-Jul-15,269
11-Jul-15,309.3
12-Jul-15,289.9
13-Jul-15,310.55
14-Jul-15,290.95
15-Jul-15,275.76
16-Jul-15,285.66
17-Jul-15,278.08
18-Jul-15,276.09
19-Jul-15,276.74
20-Jul-15,278.97
21-Jul-15,277.54
22-Jul-15,276.76
23-Jul-15,287.3
24-Jul-15,287.12
25-Jul-15,289
26-Jul-15,290.79
27-Jul-15,295.24
28-Jul-15,293.93
29-Jul-15,287.56
30-Jul-15,284.78
31-Jul-15,288.45
01-Aug-15,280.69
02-Aug-15,284.39
03-Aug-15,282.26
04-Aug-15,282.69
05-Aug-15,277.1
06-Aug-15,281
07-Aug-15,269.89
08-Aug-15,265.42
09-Aug-15,262.22
10-Aug-15,265.85
11-Aug-15,267.89
12-Aug-15,270.98
13-Aug-15,266.99
14-Aug-15,265.41
15-Aug-15,265.93
16-Aug-15,257.47
17-Aug-15,257.45
18-Aug-15,256.66
19-Aug-15,233.29
20-Aug-15,233.23
21-Aug-15,235.31
22-Aug-15,226.04
23-Aug-15,228.68
24-Aug-15,228.14
25-Aug-15,222.02
26-Aug-15,228.84
27-Aug-15,225.04
28-Aug-15,234.17
29-Aug-15,228.22
30-Aug-15,229.63
31-Aug-15,230.94
01-Sep-15,228.32
02-Sep-15,227.97
03-Sep-15,227.42
04-Sep-15,230.8
05-Sep-15,230.73
06-Sep-15,240.2
07-Sep-15,241.31
08-Sep-15,240.47
09-Sep-15,240.08
10-Sep-15,239.68
11-Sep-15,238.81
12-Sep-15,235.13
13-Sep-15,229.86
14-Sep-15,230
15-Sep-15,230
16-Sep-15,227.86
17-Sep-15,228.33
18-Sep-15,232.99
19-Sep-15,230.71
20-Sep-15,230.25
21-Sep-15,226.56
22-Sep-15,229.43
23-Sep-15,230.42
24-Sep-15,233.9
25-Sep-15,235.79
26-Sep-15,235.22
27-Sep-15,238.94
28-Sep-15,237.68
29-Sep-15,239.14
30-Sep-15,238.98
01-Oct-15,237.78
02-Oct-15,238.03
03-Oct-15,239.47
04-Oct-15,239.22
05-Oct-15,238.4
06-Oct-15,245.25
07-Oct-15,243.91
08-Oct-15,243.01
09-Oct-15,245.79
10-Oct-15,248.08
11-Oct-15,245.72
12-Oct-15,249.58
13-Oct-15,254.6
14-Oct-15,249.98
15-Oct-15,262.31
16-Oct-15,269.07
17-Oct-15,262.26
18-Oct-15,262.44
19-Oct-15,264.16
20-Oct-15,263.59
21-Oct-15,269.1
22-Oct-15,273.95
23-Oct-15,274.35
24-Oct-15,279.9
25-Oct-15,295.01
26-Oct-15,282.8
27-Oct-15,294.73
28-Oct-15,298.95
29-Oct-15,304.79
30-Oct-15,329.2
31-Oct-15,310.92
01-Nov-15,310.18
02-Nov-15,340.69
03-Nov-15,409
04-Nov-15,404.5
05-Nov-15,400
06-Nov-15,388.38
07-Nov-15,373.69
08-Nov-15,381.51
09-Nov-15,378.8
10-Nov-15,380.62
11-Nov-15,309.9
12-Nov-15,331.6
13-Nov-15,340.81
14-Nov-15,331.9
15-Nov-15,322.33
16-Nov-15,318.97
17-Nov-15,335.95
18-Nov-15,334.46
19-Nov-15,333.66
20-Nov-15,320.62
21-Nov-15,325.56
22-Nov-15,326.31
23-Nov-15,324.49
24-Nov-15,321.1
25-Nov-15,319.64
26-Nov-15,348
27-Nov-15,359.54
28-Nov-15,358
29-Nov-15,363.98
30-Nov-15,372.53
01-Dec-15,377.27
02-Dec-15,360.98
03-Dec-15,362.49
04-Dec-15,361.47
05-Dec-15,390.04
06-Dec-15,390.04
07-Dec-15,387.3
08-Dec-15,394.99
09-Dec-15,414.01
10-Dec-15,416.49
11-Dec-15,444.29
12-Dec-15,426.06
13-Dec-15,436.2
14-Dec-15,445.6
15-Dec-15,459.48
16-Dec-15,463.98
17-Dec-15,453.39
18-Dec-15,458.95
19-Dec-15,463
20-Dec-15,434.98
21-Dec-15,438.7
22-Dec-15,438.35
23-Dec-15,441.4
24-Dec-15,453.95
25-Dec-15,456
26-Dec-15,417.99
27-Dec-15,418.46
28-Dec-15,422.42
29-Dec-15,431.13
30-Dec-15,428
31-Dec-15,428.23
01-Jan-16,432.33
02-Jan-16,433.94
03-Jan-16,432.76
04-Jan-16,433
05-Jan-16,431.9
06-Jan-16,432.43
07-Jan-16,453.71
08-Jan-16,447.04
09-Jan-16,452.64
10-Jan-16,446.24
11-Jan-16,447.11
12-Jan-16,447.98
13-Jan-16,429.57
14-Jan-16,431.9
15-Jan-16,429.55
16-Jan-16,370.4
17-Jan-16,385.45
18-Jan-16,380.16
19-Jan-16,378.66
20-Jan-16,408.33
21-Jan-16,420.35
22-Jan-16,385.7
23-Jan-16,388.5
24-Jan-16,385.09
25-Jan-16,387.09
26-Jan-16,394.12
27-Jan-16,391.66
28-Jan-16,382.44
29-Jan-16,377.26
30-Jan-16,378.18
31-Jan-16,376.86
01-Feb-16,372
02-Feb-16,371.99
03-Feb-16,368.38
04-Feb-16,385.06
05-Feb-16,388
06-Feb-16,373.04
07-Feb-16,373.74
08-Feb-16,375
09-Feb-16,372.61
10-Feb-16,378.98
11-Feb-16,379.14
12-Feb-16,381.46
13-Feb-16,388.6
14-Feb-16,389.88
15-Feb-16,402.64
16-Feb-16,406.69
17-Feb-16,407
18-Feb-16,418.97
19-Feb-16,418.02
20-Feb-16,419.98
21-Feb-16,434.67
22-Feb-16,438.5
23-Feb-16,436.76
24-Feb-16,423.1
25-Feb-16,421.4
26-Feb-16,423.46
27-Feb-16,432
28-Feb-16,433.47
29-Feb-16,431.89
01-Mar-16,431.87
02-Mar-16,429.99
03-Mar-16,422.5
04-Mar-16,416.48
05-Mar-16,401
06-Mar-16,399.17
07-Mar-16,411.94
08-Mar-16,412.39
09-Mar-16,412.15
10-Mar-16,416
11-Mar-16,421.22
12-Mar-16,420.11
13-Mar-16,413.89
14-Mar-16,414.78
15-Mar-16,414.99
16-Mar-16,415.99
17-Mar-16,418.64
18-Mar-16,418.49
19-Mar-16,405.59
20-Mar-16,410.77
21-Mar-16,411.81
22-Mar-16,415.35
23-Mar-16,417.8
24-Mar-16,417.96
25-Mar-16,416.44
26-Mar-16,415.71
27-Mar-16,416.96
28-Mar-16,422.96
29-Mar-16,414
30-Mar-16,415.83
31-Mar-16,416.94
01-Apr-16,416.25
02-Apr-16,416.31
03-Apr-16,418.07
04-Apr-16,418.99
05-Apr-16,419.71
06-Apr-16,421.09
07-Apr-16,420.33
08-Apr-16,419.95
09-Apr-16,417.73
10-Apr-16,421.63
11-Apr-16,420.75
12-Apr-16,425.89
13-Apr-16,424.61
14-Apr-16,423.87
15-Apr-16,429.09
16-Apr-16,429.43
17-Apr-16,430.58
18-Apr-16,427.28
19-Apr-16,435.91
20-Apr-16,435.95
21-Apr-16,451
22-Apr-16,447.25
23-Apr-16,447.7
24-Apr-16,459.4
25-Apr-16,463.86
26-Apr-16,462.5
27-Apr-16,447.31
28-Apr-16,450
29-Apr-16,449.98
30-Apr-16,447.17
01-May-16,451.9
02-May-16,453
03-May-16,450.96
04-May-16,447.37
05-May-16,446.84
06-May-16,460.91
07-May-16,459.04
08-May-16,459.02
09-May-16,461.63
10-May-16,450
11-May-16,450.78
12-May-16,454.7
13-May-16,456.82
14-May-16,455.82
15-May-16,457.08
16-May-16,454.88
17-May-16,454
18-May-16,452.9
19-May-16,441.87
20-May-16,436.05
21-May-16,443.89
22-May-16,438
23-May-16,438.47
24-May-16,445.34
25-May-16,447.94
26-May-16,448.7
27-May-16,470.29
28-May-16,522.43
29-May-16,526.64
30-May-16,525.15
31-May-16,531.15
01-Jun-16,531.97
02-Jun-16,539.99
03-Jun-16,568
04-Jun-16,567.88
05-Jun-16,574.02
06-Jun-16,584.5
07-Jun-16,583.72
08-Jun-16,578.68
09-Jun-16,575.29
10-Jun-16,574.32
11-Jun-16,594.44
12-Jun-16,664.85
13-Jun-16,665.85
14-Jun-16,685.24
15-Jun-16,692.28
16-Jun-16,693.88
17-Jun-16,743.91
18-Jun-16,754.36
19-Jun-16,751.96
20-Jun-16,729.19
21-Jun-16,665.95
22-Jun-16,664.46
23-Jun-16,624.54
24-Jun-16,660.6
25-Jun-16,665
26-Jun-16,627.39
27-Jun-16,646.7
28-Jun-16,651.85
29-Jun-16,637.95
30-Jun-16,671.4
01-Jul-16,667.95
02-Jul-16,701.71
03-Jul-16,658.41
04-Jul-16,656.97
05-Jul-16,666.48
06-Jul-16,673.78
07-Jul-16,673.76
08-Jul-16,659.55
09-Jul-16,651.86
10-Jul-16,647.41
11-Jul-16,647.98
12-Jul-16,672.76
13-Jul-16,664.5
14-Jul-16,658.83
15-Jul-16,664.57
16-Jul-16,663.19
17-Jul-16,675.45
18-Jul-16,673.2
19-Jul-16,673.46
20-Jul-16,665.64
21-Jul-16,664.88
22-Jul-16,664
23-Jul-16,655.84
24-Jul-16,661.41
25-Jul-16,661.48
26-Jul-16,655.06
27-Jul-16,654.98
28-Jul-16,655.37
29-Jul-16,656.88
30-Jul-16,654.73
31-Jul-16,654.68
01-Aug-16,606.32
02-Aug-16,515.06
03-Aug-16,530.74
04-Aug-16,577.31
05-Aug-16,576.55
06-Aug-16,572.72
07-Aug-16,594.27
08-Aug-16,592.69
09-Aug-16,591.69
10-Aug-16,592.18
11-Aug-16,589.24
12-Aug-16,586.01
13-Aug-16,586.43
14-Aug-16,570.97
15-Aug-16,567.34
16-Aug-16,581.11
17-Aug-16,575.51
18-Aug-16,570.92
19-Aug-16,576.65
20-Aug-16,583.2
21-Aug-16,577.52
22-Aug-16,588.97
23-Aug-16,586.18
24-Aug-16,581.98
25-Aug-16,579.86
26-Aug-16,581.07
27-Aug-16,577.77
28-Aug-16,576.53
29-Aug-16,575.22
30-Aug-16,571.5
31-Aug-16,574.82
01-Sep-16,572.81
02-Sep-16,571
03-Sep-16,600.88
04-Sep-16,610.59
05-Sep-16,603.95
06-Sep-16,611.09
07-Sep-16,614.46
08-Sep-16,615.33
09-Sep-16,625.07
10-Sep-16,625.76
11-Sep-16,621.65
12-Sep-16,609.67
13-Sep-16,610.92
14-Sep-16,608.82
15-Sep-16,610.38
16-Sep-16,609.11
17-Sep-16,607.04
18-Sep-16,611.58
19-Sep-16,610.19
20-Sep-16,608.66
21-Sep-16,598.88
22-Sep-16,597.42
23-Sep-16,594.08
24-Sep-16,603.88
25-Sep-16,601.74
26-Sep-16,598.98
27-Sep-16,605.96
28-Sep-16,605.67
29-Sep-16,603.85
30-Sep-16,609.39
01-Oct-16,614.82
02-Oct-16,612.98
03-Oct-16,611.85
04-Oct-16,609.62
05-Oct-16,607.18
06-Oct-16,612.08
07-Oct-16,617.21
08-Oct-16,614.74
09-Oct-16,615.65
10-Oct-16,617.54
11-Oct-16,614.77
12-Oct-16,635.01
13-Oct-16,635.96
14-Oct-16,634.02
15-Oct-16,637.94
16-Oct-16,641.42
17-Oct-16,638.97
18-Oct-16,636.29
19-Oct-16,629.25
20-Oct-16,627.72
21-Oct-16,631.92
22-Oct-16,655.48
23-Oct-16,653.25
24-Oct-16,651.39
25-Oct-16,655.31
26-Oct-16,651.45
27-Oct-16,682.22
28-Oct-16,687.68
29-Oct-16,685.91
30-Oct-16,698
31-Oct-16,702
01-Nov-16,697.01
02-Nov-16,733.33
03-Nov-16,686.17
04-Nov-16,683.69
05-Nov-16,704.79
06-Nov-16,712
07-Nov-16,709.96
08-Nov-16,708.97
09-Nov-16,720.93
10-Nov-16,721.5
11-Nov-16,715.45
12-Nov-16,703.71
13-Nov-16,702.28
14-Nov-16,706.46
15-Nov-16,710.91
16-Nov-16,711.73
17-Nov-16,736.96
18-Nov-16,747.52
19-Nov-16,748.98
20-Nov-16,729.06
21-Nov-16,738.53
22-Nov-16,736.97
23-Nov-16,741.63
24-Nov-16,737.45
25-Nov-16,735.64
26-Nov-16,733.67
27-Nov-16,727.96
28-Nov-16,727.31
29-Nov-16,732.71
30-Nov-16,742.69
01-Dec-16,742.05
02-Dec-16,772.43
03-Dec-16,764.33
04-Dec-16,762.97
05-Dec-16,754.63
06-Dec-16,756.62
07-Dec-16,758.99
08-Dec-16,769.72
09-Dec-16,770.02
10-Dec-16,769.08
11-Dec-16,777
12-Dec-16,777
13-Dec-16,777.99
14-Dec-16,774.89
15-Dec-16,776.75
16-Dec-16,775.88
17-Dec-16,788.7
18-Dec-16,788.4
19-Dec-16,788.67
20-Dec-16,793.09
21-Dec-16,824.21
22-Dec-16,834.97
23-Dec-16,901.31
24-Dec-16,891.61
25-Dec-16,892.6
26-Dec-16,897.33
27-Dec-16,930.37
28-Dec-16,930.34
29-Dec-16,963.38
30-Dec-16,952.15
31-Dec-16,958.12
01-Jan-17,997.72
02-Jan-17,1015.97
03-Jan-17,1013.42
04-Jan-17,1126.76
05-Jan-17,994.67
06-Jan-17,999.65
07-Jan-17,896.83
08-Jan-17,908.14
09-Jan-17,910.49
10-Jan-17,906.05
11-Jan-17,785.22
12-Jan-17,780.92
13-Jan-17,826.29
14-Jan-17,817.91
15-Jan-17,819.55
16-Jan-17,830.5
17-Jan-17,903.84
18-Jan-17,906.6
19-Jan-17,895.8
20-Jan-17,893.62
21-Jan-17,895.64
22-Jan-17,918.6
23-Jan-17,922.07
24-Jan-17,919.97
25-Jan-17,893.05
26-Jan-17,915.96
27-Jan-17,915.05
28-Jan-17,920.31
29-Jan-17,915.93
30-Jan-17,912.19
31-Jan-17,964.71
01-Feb-17,979.7
02-Feb-17,983.42
03-Feb-17,1013.03
04-Feb-17,1031
05-Feb-17,1034.07
06-Feb-17,1024.01
07-Feb-17,1050.11
08-Feb-17,1052.84
09-Feb-17,976.1
10-Feb-17,999.1
11-Feb-17,997.59
12-Feb-17,1000.6
13-Feb-17,999.88
14-Feb-17,1001.2
15-Feb-17,1012.33
16-Feb-17,1035.21
17-Feb-17,1035.2
18-Feb-17,1056.64
19-Feb-17,1052.78
20-Feb-17,1050.87
21-Feb-17,1123.79
22-Feb-17,1123.22
23-Feb-17,1130.01
24-Feb-17,1174.87
25-Feb-17,1150.61
26-Feb-17,1150.37
27-Feb-17,1190.75
28-Feb-17,1187.57
01-Mar-17,1190.89
02-Mar-17,1259.41
03-Mar-17,1285.14
04-Mar-17,1287
05-Mar-17,1270.93
06-Mar-17,1275.2
07-Mar-17,1279.5
08-Mar-17,1157.39
09-Mar-17,1192.47
10-Mar-17,1192.09
11-Mar-17,1179.16
12-Mar-17,1227.49
13-Mar-17,1227.68
14-Mar-17,1245.37
15-Mar-17,1257.4
16-Mar-17,1257
17-Mar-17,1091.17
18-Mar-17,952.23
19-Mar-17,967.69
20-Mar-17,1049.08
21-Mar-17,1118.63
22-Mar-17,1113
23-Mar-17,1038.79
24-Mar-17,941.92
25-Mar-17,927.93
26-Mar-17,956.79
27-Mar-17,1037.23
28-Mar-17,1041.04
29-Mar-17,1040.58
30-Mar-17,1037.9
31-Mar-17,1034.74
01-Apr-17,1086.93
02-Apr-17,1099.17
03-Apr-17,1079.99
04-Apr-17,1141.6
05-Apr-17,1133.08
06-Apr-17,1133.53
07-Apr-17,1190.45
08-Apr-17,1181.15
09-Apr-17,1184.03
10-Apr-17,1207.74
11-Apr-17,1226.62
12-Apr-17,1219.09
13-Apr-17,1180.02
14-Apr-17,1185.26
15-Apr-17,1170.36
16-Apr-17,1186.93
17-Apr-17,1205.63
18-Apr-17,1176.97
19-Apr-17,1217.93
20-Apr-17,1241.69
21-Apr-17,1236.63
22-Apr-17,1261.31
23-Apr-17,1257.99
24-Apr-17,1240.84
25-Apr-17,1279.41
26-Apr-17,1309.11
27-Apr-17,1288.02
28-Apr-17,1331.29
29-Apr-17,1334.98
30-Apr-17,1333
01-May-17,1417.17
02-May-17,1452.08
03-May-17,1447.55
04-May-17,1508.29
05-May-17,1533.34
06-May-17,1518.75
07-May-17,1535.87
08-May-17,1640.62
09-May-17,1651.1
10-May-17,1762.89
11-May-17,1820.99
12-May-17,1829
13-May-17,1771.92
14-May-17,1776.32
15-May-17,1780
16-May-17,1739.03
17-May-17,1807.49
18-May-17,1783.98
19-May-17,1961.52
20-May-17,2052.91
21-May-17,2008.84
22-May-17,2090.66
23-May-17,2287.71
24-May-17,2256.32
25-May-17,2387.21
26-May-17,2211.98
27-May-17,2279.82
28-May-17,2192.98
29-May-17,2275.93
30-May-17,2290.02
31-May-17,2285.93
01-Jun-17,2399.24
02-Jun-17,2409.93
03-Jun-17,2525.77
04-Jun-17,2516.17
05-Jun-17,2529.53
06-Jun-17,2883.31
07-Jun-17,2664.92
08-Jun-17,2683.03
09-Jun-17,2827.49
10-Jun-17,2845.37
11-Jun-17,2898.63
12-Jun-17,2657.68
13-Jun-17,2748.19
14-Jun-17,2706
15-Jun-17,2442.48
16-Jun-17,2464.96
17-Jun-17,2477.94
18-Jun-17,2507.39
19-Jun-17,2617.21
20-Jun-17,2600
21-Jun-17,2671.04
22-Jun-17,2727.29
23-Jun-17,2713.48
24-Jun-17,2589.16
25-Jun-17,2512.37
26-Jun-17,2502.03
27-Jun-17,2517.9
28-Jun-17,2585.35
29-Jun-17,2558.3
30-Jun-17,2477.64
01-Jul-17,2501.19
02-Jul-17,2421.26
03-Jul-17,2561.23
04-Jul-17,2599.73
05-Jul-17,2598.89
06-Jul-17,2609.97
07-Jul-17,2491.2
08-Jul-17,2502.86
09-Jul-17,2536.24
10-Jul-17,2366.17
11-Jul-17,2327.09
12-Jul-17,2385.75
13-Jul-17,2354.78
14-Jul-17,2338.49
15-Jul-17,2059
16-Jul-17,1931.21
17-Jul-17,1910.96
18-Jul-17,2320.12
19-Jul-17,2264.77
20-Jul-17,2265.21
21-Jul-17,2682.2
22-Jul-17,2807.61
23-Jul-17,2825.51
24-Jul-17,2751.82
25-Jul-17,2561
26-Jul-17,2564.3
27-Jul-17,2647.63
28-Jul-17,2781.64
29-Jul-17,2784.8
30-Jul-17,2745.96
31-Jul-17,2866.43
01-Aug-17,2862.9
02-Aug-17,2693.63
03-Aug-17,2794.12
04-Aug-17,2790
05-Aug-17,3218.12
06-Aug-17,3252.56
07-Aug-17,3210.2
08-Aug-17,3457.37
09-Aug-17,3357.33
10-Aug-17,3340.28
11-Aug-17,3632.51
12-Aug-17,3852.8
13-Aug-17,3868.52
14-Aug-17,4282.99
15-Aug-17,4217.03
16-Aug-17,4179.97
17-Aug-17,4328.73
18-Aug-17,4130.44
19-Aug-17,4104.71
20-Aug-17,4157.96
21-Aug-17,4043.72
22-Aug-17,3986.28
23-Aug-17,4174.95
24-Aug-17,4340.32
25-Aug-17,4331.77
26-Aug-17,4360.51
27-Aug-17,4354.31
28-Aug-17,4339.05
29-Aug-17,4607.99
30-Aug-17,4594.99
31-Aug-17,4582.52
01-Sep-17,4911.74
02-Sep-17,4580.39
03-Sep-17,4585.57
04-Sep-17,4344.1
05-Sep-17,4488.72
06-Sep-17,4385.02
07-Sep-17,4654.66
08-Sep-17,4310.75
09-Sep-17,4312.26
10-Sep-17,4329.96
11-Sep-17,4248.09
12-Sep-17,4198.59
13-Sep-17,3961.27
14-Sep-17,3319.63
15-Sep-17,3216.43
16-Sep-17,3763.63
17-Sep-17,3746.06
18-Sep-17,3678.53
19-Sep-17,3943.41
20-Sep-17,3977.56
21-Sep-17,3894.48
22-Sep-17,3637.5
23-Sep-17,3776.39
24-Sep-17,3777.62
25-Sep-17,3942.56
26-Sep-17,3910.31
27-Sep-17,3881
28-Sep-17,4201.99
29-Sep-17,4193.57
30-Sep-17,4164.27
01-Oct-17,4360.72
02-Oct-17,4386.88
03-Oct-17,4394.07
04-Oct-17,4225.18
05-Oct-17,4338.85
06-Oct-17,4318.58
07-Oct-17,4376.19
08-Oct-17,4602.28
09-Oct-17,4605.66
10-Oct-17,4782.28
11-Oct-17,4819.49
12-Oct-17,4822.17
13-Oct-17,5563.81
14-Oct-17,5739.44
15-Oct-17,5825.99
16-Oct-17,5711.21
17-Oct-17,5603.71
18-Oct-17,5594.66
19-Oct-17,5727.63
20-Oct-17,5979.46
21-Oct-17,5986.44
22-Oct-17,5983.18
23-Oct-17,5876.08
24-Oct-17,5900.59
25-Oct-17,5669.62
26-Oct-17,5893.14
27-Oct-17,5889.82
28-Oct-17,5776.7
29-Oct-17,6155.43
30-Oct-17,6136.49
31-Oct-17,6388.65
01-Nov-17,6665.31
02-Nov-17,6751.98
03-Nov-17,7197.72
04-Nov-17,7437.54
05-Nov-17,7365.99
06-Nov-17,6989.07
07-Nov-17,7092.13
08-Nov-17,7128.64
09-Nov-17,7158.04
10-Nov-17,6719.4
11-Nov-17,6569.22
12-Nov-17,5716.3
13-Nov-17,6550.23
14-Nov-17,6493.63
15-Nov-17,7301.43
16-Nov-17,7815.03
17-Nov-17,7868.77
18-Nov-17,7817.14
19-Nov-17,8007.65
20-Nov-17,8049.72
21-Nov-17,8059.8
22-Nov-17,8268.04
23-Nov-17,8236.72
24-Nov-17,8250.98
25-Nov-17,8707.41
26-Nov-17,8768.8
27-Nov-17,9718.3
28-Nov-17,9952.51
29-Nov-17,9919
30-Nov-17,10147.37
01-Dec-17,10883.91
02-Dec-17,10879.88
03-Dec-17,11332.62
04-Dec-17,11584.83
05-Dec-17,11591.22
06-Dec-17,13540.98
07-Dec-17,16501.97
08-Dec-17,16860.88
09-Dec-17,15142.83
10-Dec-17,14869.81
11-Dec-17,15068.95
12-Dec-17,17276.39
13-Dec-17,16808.37
14-Dec-17,16252.31
15-Dec-17,17771.9
16-Dec-17,19498.68
17-Dec-17,19279.9
18-Dec-17,18961.86
19-Dec-17,17737.11
20-Dec-17,17382.94
21-Dec-17,16047.51
22-Dec-17,15190.95
23-Dec-17,13776.61
24-Dec-17,13949.18
25-Dec-17,14119.03
26-Dec-17,13740.94
27-Dec-17,15589.32
28-Dec-17,14380.58
29-Dec-17,14214.01
30-Dec-17,13215.57
31-Dec-17,14165.58
01-Jan-18,13796
02-Jan-18,15005.86
03-Jan-18,15053.26
04-Jan-18,15039.24
05-Jan-18,17174.12
06-Jan-18,17319.2
07-Jan-18,17155.95
08-Jan-18,15265.91
09-Jan-18,14714.25
10-Jan-18,14437.42
11-Jan-18,13296.79
12-Jan-18,13912.88
13-Jan-18,13791.19
14-Jan-18,13852.92
15-Jan-18,14012.2
16-Jan-18,13554.14
17-Jan-18,11116.95
18-Jan-18,11345.42
19-Jan-18,11174.82
20-Jan-18,12950.79
21-Jan-18,11505.23
22-Jan-18,11513.42
23-Jan-18,11223.06
24-Jan-18,11282.26
25-Jan-18,11392.03
26-Jan-18,10969.82
27-Jan-18,11524.78
28-Jan-18,11431.37
29-Jan-18,11212.66
30-Jan-18,10184.06
31-Jan-18,10082.52
01-Feb-18,9083.26
02-Feb-18,8901.9
03-Feb-18,8852.73
04-Feb-18,8400.65
05-Feb-18,6838.82
06-Feb-18,6925.46
07-Feb-18,8099.96
08-Feb-18,8240.54
09-Feb-18,8245.08
10-Feb-18,8319.88
11-Feb-18,8343.46
12-Feb-18,8068.02
13-Feb-18,8597.77
14-Feb-18,9334.63
15-Feb-18,9471.64
16-Feb-18,10127.16
17-Feb-18,10841.99
18-Feb-18,11085.83
19-Feb-18,11110.97
20-Feb-18,11390.39
21-Feb-18,11245.98
22-Feb-18,9931.07
23-Feb-18,10162.12
24-Feb-18,10171.3
25-Feb-18,9696.59
26-Feb-18,10348.6
27-Feb-18,10319.46
28-Feb-18,10370.17
01-Mar-18,11009.38
02-Mar-18,10931.12
03-Mar-18,11326.95
04-Mar-18,11430.18
05-Mar-18,11516.83
06-Mar-18,10763.2
07-Mar-18,10118.06
08-Mar-18,9920.46
09-Mar-18,9089.28
10-Mar-18,8746
11-Mar-18,8777.37
12-Mar-18,9182.84
13-Mar-18,9154.7
14-Mar-18,9153.54
15-Mar-18,8358.12
16-Mar-18,8530.4
17-Mar-18,8297.89
18-Mar-18,8171.42
19-Mar-18,8412.03
20-Mar-18,8605.64
21-Mar-18,8947.75
22-Mar-18,8690.41
23-Mar-18,8725.37
24-Mar-18,8662.38
25-Mar-18,8617.3
26-Mar-18,8457.96
27-Mar-18,7876.2
28-Mar-18,7960.38
29-Mar-18,7950.61
30-Mar-18,6882.53
31-Mar-18,6935.48
01-Apr-18,6937.56
02-Apr-18,7035.85
03-Apr-18,7410.44
04-Apr-18,7426.48
05-Apr-18,6826.51
06-Apr-18,6603.88
07-Apr-18,6634.68
08-Apr-18,7017.66
09-Apr-18,6699.27
10-Apr-18,6784.41
11-Apr-18,6926.27
12-Apr-18,7847.85
13-Apr-18,7941.46
14-Apr-18,8036.51
15-Apr-18,8340.75
16-Apr-18,8368.1
17-Apr-18,7895.42
18-Apr-18,8164.94
19-Apr-18,8175.96
20-Apr-18,8852.72
21-Apr-18,8807.21
22-Apr-18,8930.6
23-Apr-18,8933.86
24-Apr-18,9555.54
25-Apr-18,9658.11
26-Apr-18,9258.4
27-Apr-18,9010.32
28-Apr-18,8928.55
29-Apr-18,9334.28
30-Apr-18,9259.57
01-May-18,9239.55
02-May-18,9221.43
03-May-18,9639.27
04-May-18,9753.35
05-May-18,9803.31
06-May-18,9630.14
07-May-18,9631.44
08-May-18,9228.61
09-May-18,9322.04
10-May-18,9310.37
11-May-18,8468.79
12-May-18,8484.35
13-May-18,8463.52
14-May-18,8652.04
15-May-18,8511.46
16-May-18,8471.06
17-May-18,8106.12
18-May-18,8240.06
19-May-18,8239.08
20-May-18,8507.41
21-May-18,8385.56
22-May-18,8396.63
23-May-18,7555.74
24-May-18,7566.19
25-May-18,7576.78
26-May-18,7342.91
27-May-18,7361.83
28-May-18,7344.56
29-May-18,7459.88
30-May-18,7385.4
31-May-18,7386.72
01-Jun-18,7535.15
02-Jun-18,7645.15
03-Jun-18,7637.14
04-Jun-18,7500.27
05-Jun-18,7615.72
06-Jun-18,7619.43
07-Jun-18,7676.27
08-Jun-18,7620.15
09-Jun-18,7615.54
10-Jun-18,6776.89
11-Jun-18,6875.68
12-Jun-18,6879.31
13-Jun-18,6315.7
14-Jun-18,6647.01
15-Jun-18,6637.41
16-Jun-18,6509.43
17-Jun-18,6464.41
18-Jun-18,6445.79
19-Jun-18,6737
20-Jun-18,6714.72
21-Jun-18,6760.83
22-Jun-18,6332.57
23-Jun-18,6141.61
24-Jun-18,6170.46
25-Jun-18,6211.45
26-Jun-18,6218.6
27-Jun-18,6097.46
28-Jun-18,6107.9
29-Jun-18,5908.7
30-Jun-18,6223.28
01-Jul-18,6374.75
02-Jul-18,6466.07
03-Jul-18,6626.44
04-Jul-18,6593.29
05-Jul-18,6603.38
06-Jul-18,6555.51
07-Jul-18,6594.28
08-Jul-18,6753.56
09-Jul-18,6724.04
10-Jul-18,6510.79
11-Jul-18,6377.36
12-Jul-18,6403.18
13-Jul-18,6244.36
14-Jul-18,6241
15-Jul-18,6248.84
16-Jul-18,6514.39
17-Jul-18,6869.91
18-Jul-18,7321.62
19-Jul-18,7396.4
20-Jul-18,7428.05
21-Jul-18,7334.99
22-Jul-18,7451.29
23-Jul-18,7689.88
24-Jul-18,7715.1
25-Jul-18,8251.17
26-Jul-18,8187.32
27-Jul-18,7939.81
28-Jul-18,8182.25
29-Jul-18,8206.34
30-Jul-18,8220.91
31-Jul-18,7916.8
01-Aug-18,7570.87
02-Aug-18,7607.7
03-Aug-18,7394.5
04-Aug-18,7247.77
05-Aug-18,7011.28
06-Aug-18,6988.08
07-Aug-18,6993.51
08-Aug-18,6718.23
09-Aug-18,6396.77
10-Aug-18,6396.49
11-Aug-18,6138.96
12-Aug-18,6311.13
13-Aug-18,6347.07
14-Aug-18,6252.13
15-Aug-18,6362.68
16-Aug-18,6342.63
17-Aug-18,6312.75
18-Aug-18,6436.72
19-Aug-18,6404.06
20-Aug-18,6486.58
21-Aug-18,6401.25
22-Aug-18,6575.23
23-Aug-18,6354.57
24-Aug-18,6543.65
25-Aug-18,6719.43
26-Aug-18,6738.27
27-Aug-18,6719.27
28-Aug-18,7000.04
29-Aug-18,7078.19
30-Aug-18,6932.66
31-Aug-18,6981.95
01-Sep-18,7018.78
02-Sep-18,7247.94
03-Sep-18,7260.95
04-Sep-18,7265.08
05-Sep-18,7113.07
06-Sep-18,6433.27
07-Sep-18,6501.19
08-Sep-18,6366.11
09-Sep-18,6286.43
10-Sep-18,6240.98
11-Sep-18,6296.32
12-Sep-18,6273.14
13-Sep-18,6326.04
14-Sep-18,6499.06
15-Sep-18,6518.66
16-Sep-18,6522.39
17-Sep-18,6400.6
18-Sep-18,6296.63
19-Sep-18,6342.39
20-Sep-18,6418.56
21-Sep-18,6669.99
22-Sep-18,6756.12
23-Sep-18,6710.45
24-Sep-18,6639.3
25-Sep-18,6583.45
26-Sep-18,6468.63
27-Sep-18,6535.48
28-Sep-18,6686.08
29-Sep-18,6550.47
30-Sep-18,6593.14
01-Oct-18,6611.02
02-Oct-18,6562.64
03-Oct-18,6470.4
04-Oct-18,6483.73
05-Oct-18,6568.55
06-Oct-18,6581.49
07-Oct-18,6573.62
08-Oct-18,6618.57
09-Oct-18,6621.71
10-Oct-18,6626.85
11-Oct-18,6248.64
12-Oct-18,6260.53
13-Oct-18,6247
14-Oct-18,6299.4
15-Oct-18,6452.57
16-Oct-18,6599.17
17-Oct-18,6596.28
18-Oct-18,6568.04
19-Oct-18,6509.61
20-Oct-18,6488.83
21-Oct-18,6531.6
22-Oct-18,6504.78
23-Oct-18,6481.43
24-Oct-18,6508.31
25-Oct-18,6489.77
26-Oct-18,6473.75
27-Oct-18,6465.92
28-Oct-18,6457.21
29-Oct-18,6382.67
30-Oct-18,6309.45
31-Oct-18,6301.61
01-Nov-18,6342.28
02-Nov-18,6387.67
03-Nov-18,6390.42
04-Nov-18,6391.87
05-Nov-18,6436.97
06-Nov-18,6437.76
07-Nov-18,6538.79
08-Nov-18,6486.25
09-Nov-18,6444.97
10-Nov-18,6399.03
11-Nov-18,6378.27
12-Nov-18,6408.53
13-Nov-18,6372.06
14-Nov-18,6176.16
15-Nov-18,5756.77
16-Nov-18,5596.19
17-Nov-18,5558.24
18-Nov-18,5572.44
19-Nov-18,5303.94
20-Nov-18,4671.97
21-Nov-18,4491.98
22-Nov-18,4548.8
23-Nov-18,4309.34
24-Nov-18,4352.98
25-Nov-18,3823.51
26-Nov-18,3920.54
27-Nov-18,3793.35
28-Nov-18,4103.45
29-Nov-18,4263.78
30-Nov-18,4278.77
01-Dec-18,4116.78
02-Dec-18,4167.55
03-Dec-18,4140.6
04-Dec-18,3961.49
05-Dec-18,3858.35
06-Dec-18,3744.98
07-Dec-18,3405.64
08-Dec-18,3435.34
09-Dec-18,3453.66
10-Dec-18,3523.96
11-Dec-18,3426.19
12-Dec-18,3407.28
13-Dec-18,3406.76
14-Dec-18,3278.37
15-Dec-18,3242.42
16-Dec-18,3271.24
17-Dec-18,3392.41
18-Dec-18,3556.54
19-Dec-18,3808.04
20-Dec-18,3982.85
21-Dec-18,4135.19
22-Dec-18,3910.97
23-Dec-18,4027.48
24-Dec-18,3995.17
25-Dec-18,3813.88
26-Dec-18,3825.38
27-Dec-18,3848.21
28-Dec-18,3743.91
29-Dec-18,3912.29
30-Dec-18,3770.36
31-Dec-18,3791.55
01-Jan-19,3752.27
02-Jan-19,3855.88
03-Jan-19,3865.8
04-Jan-19,3822.63
05-Jan-19,3856.62
06-Jan-19,3920.46
07-Jan-19,4036.09
08-Jan-19,4032.25
09-Jan-19,4034.14
10-Jan-19,3812.59
11-Jan-19,3646.25
12-Jan-19,3646.35
13-Jan-19,3599.84
14-Jan-19,3531.96
15-Jan-19,3656.79
16-Jan-19,3621.27
17-Jan-19,3621.43
18-Jan-19,3632.4
19-Jan-19,3690.52
20-Jan-19,3703.98
21-Jan-19,3548.43
22-Jan-19,3540.02
23-Jan-19,3587.35
24-Jan-19,3566.4
25-Jan-19,3586.25
26-Jan-19,3577.79
27-Jan-19,3576.3
28-Jan-19,3554.5
29-Jan-19,3448.58
30-Jan-19,3421.6
31-Jan-19,3470
01-Feb-19,3444.81
02-Feb-19,3475.33
03-Feb-19,3506.22
04-Feb-19,3456.02
05-Feb-19,3452.35
06-Feb-19,3467.34
07-Feb-19,3405.7
08-Feb-19,3394.76
09-Feb-19,3661.08
10-Feb-19,3664.38
11-Feb-19,3686.29
12-Feb-19,3629.47
13-Feb-19,3632.42
14-Feb-19,3614.5
15-Feb-19,3600.31
16-Feb-19,3608.2
17-Feb-19,3619.55
18-Feb-19,3670.74
19-Feb-19,3910.8
20-Feb-19,3926.53
21-Feb-19,3987.18
22-Feb-19,3944.88
23-Feb-19,3983.48
24-Feb-19,4139.6
25-Feb-19,3766.89
26-Feb-19,3848.33
27-Feb-19,3831.45
28-Feb-19,3833.23
01-Mar-19,3850.08
02-Mar-19,3834.62
03-Mar-19,3831.44
04-Mar-19,3814.58
05-Mar-19,3730.98
06-Mar-19,3872.25
07-Mar-19,3876.85
08-Mar-19,3886.82
09-Mar-19,3875.96
10-Mar-19,3950.56
11-Mar-19,3928.17
12-Mar-19,3881.09
13-Mar-19,3892.51
14-Mar-19,3877.77
15-Mar-19,3885.21
16-Mar-19,3936.5
17-Mar-19,4015.95
18-Mar-19,3994.92
19-Mar-19,3998.77
20-Mar-19,4029.11
21-Mar-19,4056.4
22-Mar-19,3992.34
23-Mar-19,3999.06
24-Mar-19,4011.92
25-Mar-19,3994.11
26-Mar-19,3935.89
27-Mar-19,3947.74
28-Mar-19,4048.51
29-Mar-19,4037.37
30-Mar-19,4115.55
31-Mar-19,4114.44
01-Apr-19,4114.16
02-Apr-19,4152.53
03-Apr-19,4882.88
04-Apr-19,4959.81
05-Apr-19,4911.24
06-Apr-19,5028.77
07-Apr-19,5053.52
08-Apr-19,5189.39
09-Apr-19,5268.71
10-Apr-19,5175.81
11-Apr-19,5310.18
12-Apr-19,5035.02
13-Apr-19,5072.85
14-Apr-19,5064.62
15-Apr-19,5152.51
16-Apr-19,5036.18
17-Apr-19,5196.65
18-Apr-19,5220.37
19-Apr-19,5276.31
20-Apr-19,5277.04
21-Apr-19,5309.28
22-Apr-19,5281.83
23-Apr-19,5377.19
24-Apr-19,5518.16
25-Apr-19,5434.19
26-Apr-19,5195.61
27-Apr-19,5292.83
28-Apr-19,5280.19
29-Apr-19,5301.29
30-Apr-19,5260.65
01-May-19,5269.79
02-May-19,5326.67
03-May-19,5390.16
04-May-19,5657.14
05-May-19,5771.08
06-May-19,5717.66
07-May-19,5684.47
08-May-19,5755.72
09-May-19,5936.72
10-May-19,6146.91
11-May-19,6348.02
12-May-19,7248.31
13-May-19,6978.63
14-May-19,7823.11
15-May-19,7992.69
16-May-19,8206.9
17-May-19,7885.96
18-May-19,7362.22
19-May-19,7265.05
20-May-19,8193.7
21-May-19,8007.03
22-May-19,7952.5
23-May-19,7625.93
24-May-19,7880.29
25-May-19,8003.26
26-May-19,8071.45
27-May-19,8744.42
28-May-19,8770.06
29-May-19,8719.88
30-May-19,8662.98
31-May-19,8272.46
01-Jun-19,8553.81
02-Jun-19,8554.8
03-Jun-19,8739.03
04-Jun-19,8134.92
05-Jun-19,7675.8
06-Jun-19,7786.04
07-Jun-19,7803.23
08-Jun-19,7998.29
09-Jun-19,7931.34
10-Jun-19,7640.61
11-Jun-19,8020.38
12-Jun-19,7917.58
13-Jun-19,8173.06
14-Jun-19,8237.88
15-Jun-19,8693.6
16-Jun-19,8859.47
17-Jun-19,8978.99
18-Jun-19,9327.48
19-Jun-19,9076.18
20-Jun-19,9281.7
21-Jun-19,9531.35
22-Jun-19,10209.38
23-Jun-19,10668.63
24-Jun-19,10814.48
25-Jun-19,11017.5
26-Jun-19,11766.4
27-Jun-19,12932.55
28-Jun-19,11132.85
29-Jun-19,12374.35
30-Jun-19,11890.38
01-Jul-19,10737.73
02-Jul-19,10578.72
03-Jul-19,10805.4
04-Jul-19,11984.76
05-Jul-19,11160.49
06-Jul-19,10955.16
07-Jul-19,11232.04
08-Jul-19,11477.01
09-Jul-19,12313.08
10-Jul-19,12586.78
11-Jul-19,12099.9
12-Jul-19,11352.87
13-Jul-19,11803.97
14-Jul-19,11389.1
15-Jul-19,10186.96
16-Jul-19,10873.5
17-Jul-19,9397.72
18-Jul-19,9674.28
19-Jul-19,10638.56
20-Jul-19,10535.75
21-Jul-19,10764.9
22-Jul-19,10587.41
23-Jul-19,10323.62
24-Jul-19,9844.3
25-Jul-19,9772.17
26-Jul-19,9875.17
27-Jul-19,9848.65
28-Jul-19,9473.99
29-Jul-19,9530
30-Jul-19,9501.33
31-Jul-19,9589.13
01-Aug-19,10084.7
02-Aug-19,10407.17
03-Aug-19,10529.55
04-Aug-19,10814.57
05-Aug-19,10980.23
06-Aug-19,11787.99
07-Aug-19,11465.67
08-Aug-19,11960.82
09-Aug-19,11996.41
10-Aug-19,11856.64
11-Aug-19,11282.22
12-Aug-19,11566.84
13-Aug-19,11386.26
14-Aug-19,10858.12
15-Aug-19,10016.96
16-Aug-19,10302.17
17-Aug-19,10359.44
18-Aug-19,10214.52
19-Aug-19,10317.6
20-Aug-19,10917.26
21-Aug-19,10760.56
22-Aug-19,10129.4
23-Aug-19,10111.98
24-Aug-19,10405.81
25-Aug-19,10143.8
26-Aug-19,10135.06
27-Aug-19,10360.28
28-Aug-19,10171.95
29-Aug-19,9717.82
30-Aug-19,9484.55
31-Aug-19,9577.99
01-Sep-19,9600.9
02-Sep-19,9769.79
03-Sep-19,10386.64
04-Sep-19,10621.29
05-Sep-19,10584.16
06-Sep-19,10577.8
07-Sep-19,10317.47
08-Sep-19,10487.21
09-Sep-19,10406.31
10-Sep-19,10313.66
11-Sep-19,10101.03
12-Sep-19,10159.32
13-Sep-19,10420.16
14-Sep-19,10363.9
15-Sep-19,10361.33
16-Sep-19,10310.43
17-Sep-19,10265.63
18-Sep-19,10190.36
19-Sep-19,10157.59
20-Sep-19,10275.88
21-Sep-19,10173.11
22-Sep-19,9979.49
23-Sep-19,10033.05
24-Sep-19,9683.38
25-Sep-19,8553.61
26-Sep-19,8432.23
27-Sep-19,8055.64
28-Sep-19,8193.9
29-Sep-19,8225
30-Sep-19,8056.74
01-Oct-19,8307.74
02-Oct-19,8322.92
03-Oct-19,8382.03
04-Oct-19,8236.17
05-Oct-19,8155.48
06-Oct-19,8147.69
07-Oct-19,7869.74
08-Oct-19,8212.02
09-Oct-19,8190
10-Oct-19,8587.92
11-Oct-19,8586.9
12-Oct-19,8269.73
13-Oct-19,8308.01
14-Oct-19,8283.76
15-Oct-19,8353.54
16-Oct-19,8162.16
17-Oct-19,8002.51
18-Oct-19,8076.78
19-Oct-19,7954.15
20-Oct-19,7960.04
21-Oct-19,8231.06
22-Oct-19,8222.52
23-Oct-19,8026.76
24-Oct-19,7469.56
25-Oct-19,7431.88
26-Oct-19,8666.79
27-Oct-19,9259.8
28-Oct-19,9551.54
29-Oct-19,9218.76
30-Oct-19,9433.35
31-Oct-19,9164.62
01-Nov-19,9147.98
02-Nov-19,9252.99
03-Nov-19,9301.18
04-Nov-19,9206.16
05-Nov-19,9418.05
06-Nov-19,9310.19
07-Nov-19,9343.34
08-Nov-19,9204.24
09-Nov-19,8766.04
10-Nov-19,8809.41
11-Nov-19,9037.12
12-Nov-19,8717.81
13-Nov-19,8801.52
14-Nov-19,8762.42
15-Nov-19,8632.32
16-Nov-19,8457.69
17-Nov-19,8482.7
18-Nov-19,8503.93
19-Nov-19,8175.99
20-Nov-19,8120.8
21-Nov-19,8081.81
22-Nov-19,7617.07
23-Nov-19,7286.35
24-Nov-19,7324.03
25-Nov-19,6907.4
26-Nov-19,7130.25
27-Nov-19,7163.63
28-Nov-19,7523.83
29-Nov-19,7431
30-Nov-19,7757.47
01-Dec-19,7557.72
02-Dec-19,7402.69
03-Dec-19,7309.59
04-Dec-19,7296.77
05-Dec-19,7192.85
06-Dec-19,7395.97
07-Dec-19,7547.19
08-Dec-19,7504.83
09-Dec-19,7522.39
10-Dec-19,7337.42
11-Dec-19,7220.76
12-Dec-19,7202.31
13-Dec-19,7189.16
14-Dec-19,7251.87
15-Dec-19,7067.74
16-Dec-19,7111.14
17-Dec-19,6879.54
18-Dec-19,6612.12
19-Dec-19,7284.29
20-Dec-19,7150.86
21-Dec-19,7190.17
22-Dec-19,7143.2
23-Dec-19,7514.41
24-Dec-19,7322.08
25-Dec-19,7250.69
26-Dec-19,7192.72
27-Dec-19,7194.4
28-Dec-19,7243.93
29-Dec-19,7301.07
30-Dec-19,7385.36
31-Dec-19,7219.6
01-Jan-20,7168.31
02-Jan-20,7175.68
03-Jan-20,6944.33
04-Jan-20,7326.35
05-Jan-20,7347.89
06-Jan-20,7351.57
07-Jan-20,7759.24
08-Jan-20,8165.47
09-Jan-20,8042.65
10-Jan-20,7817.92
11-Jan-20,8184.66
12-Jan-20,8021.49
13-Jan-20,8173.97
14-Jan-20,8105.24
15-Jan-20,8842.42
16-Jan-20,8813.89
17-Jan-20,8722.03
18-Jan-20,8900.34
19-Jan-20,8910.85
20-Jan-20,8703.36
21-Jan-20,8626.47
22-Jan-20,8722.26
23-Jan-20,8658.94
24-Jan-20,8388.11
25-Jan-20,8428.17
26-Jan-20,8327.36
27-Jan-20,8588.42
28-Jan-20,8895.78
29-Jan-20,9385.69
30-Jan-20,9279.81
31-Jan-20,9502.37
01-Feb-20,9333.77
02-Feb-20,9378.09
03-Feb-20,9314.56
04-Feb-20,9162.14
05-Feb-20,9162.14
06-Feb-20,9614.9
07-Feb-20,9755.66
08-Feb-20,9807.54
09-Feb-20,9907.12
10-Feb-20,10162.41
11-Feb-20,9854.79
12-Feb-20,10275.38
13-Feb-20,10354.3
14-Feb-20,10242.43
15-Feb-20,10368.53
16-Feb-20,9904.17
17-Feb-20,9937.67
18-Feb-20,9703.93
19-Feb-20,10180.65
20-Feb-20,9604.72
21-Feb-20,9606.86
22-Feb-20,9696.58
23-Feb-20,9669.63
24-Feb-20,9989.39
25-Feb-20,9663.75
26-Feb-20,9309.15
27-Feb-20,8785.52
28-Feb-20,8804.72
29-Feb-20,8712.35
01-Mar-20,8534.17
02-Mar-20,8912.82
03-Mar-20,8912.82
04-Mar-20,8754.34
05-Mar-20,8758.9
06-Mar-20,9067.39
07-Mar-20,9155.89
08-Mar-20,8898.63
09-Mar-20,8039.38
10-Mar-20,7931.94
11-Mar-20,7885.46
12-Mar-20,7936.65
13-Mar-20,4830.21
14-Mar-20,5609.03
15-Mar-20,5166.26
16-Mar-20,5348.44
17-Mar-20,5026.35
18-Mar-20,5357.61
19-Mar-20,5410.23
20-Mar-20,6195.2
21-Mar-20,6226.44
22-Mar-20,6189.85
23-Mar-20,5822.62
24-Mar-20,6502.16
25-Mar-20,6768.49
26-Mar-20,6698.46
27-Mar-20,6763.75
28-Mar-20,6369.09
29-Mar-20,6260.95
30-Mar-20,5885.41
31-Mar-20,6405.29
01-Apr-20,6428.28
02-Apr-20,6652.87
03-Apr-20,6809.11
04-Apr-20,6741.67
05-Apr-20,6871.69
06-Apr-20,6777.44
07-Apr-20,7343.2
08-Apr-20,7205.55
09-Apr-20,7365.03
10-Apr-20,7293.69
11-Apr-20,6873.24
12-Apr-20,6891.6
13-Apr-20,6915.37
14-Apr-20,6857.66
15-Apr-20,6871.95
16-Apr-20,6623.8
17-Apr-20,7112.27
18-Apr-20,7034.89
19-Apr-20,7259.36
20-Apr-20,7130.04
21-Apr-20,6840.24
22-Apr-20,6852.52
23-Apr-20,7130.99
24-Apr-20,7477.6
25-Apr-20,7507.08
26-Apr-20,7549.52
27-Apr-20,7699.27
28-Apr-20,7790.66
29-Apr-20,7765.33
30-Apr-20,8777.63
01-May-20,8628.77
02-May-20,8824.66
03-May-20,8973.82
04-May-20,8903.95
05-May-20,8885.93
06-May-20,9030.96
07-May-20,9170.79
08-May-20,10002.48
09-May-20,9821.8
10-May-20,9527.39
11-May-20,8754.46
12-May-20,8617.25
13-May-20,8814.53
14-May-20,9305.93
15-May-20,9790.31
16-May-20,9303.59
17-May-20,9385.7
18-May-20,9669.4
19-May-20,9719.37
20-May-20,9785.74
21-May-20,9510.67
22-May-20,9057.57
23-May-20,9167.26
24-May-20,9178.32
25-May-20,8730.73
26-May-20,8899.66
27-May-20,8842.85
28-May-20,9197.54
29-May-20,9569.21
30-May-20,9425.98
31-May-20,9698.1
01-Jun-20,9450.84
02-Jun-20,10204.23
03-Jun-20,9525.57
04-Jun-20,9658.04
05-Jun-20,9794.56
06-Jun-20,9623.75
07-Jun-20,9670.43
08-Jun-20,9753.85
09-Jun-20,9782.59
10-Jun-20,9775.15
11-Jun-20,9892.13
12-Jun-20,9286.42
13-Jun-20,9459.97
14-Jun-20,9473.5
15-Jun-20,9330.07
16-Jun-20,9426.7
17-Jun-20,9526
18-Jun-20,9454.81
19-Jun-20,9380.03
20-Jun-20,9300.15
21-Jun-20,9357.43
22-Jun-20,9284.78
23-Jun-20,9691.9
24-Jun-20,9621.49
25-Jun-20,9276.58
26-Jun-20,9240.85
27-Jun-20,9154.45
28-Jun-20,9004.23
29-Jun-20,9127.47
30-Jun-20,9185.35
01-Jul-20,9133.97
02-Jul-20,9236.38
03-Jul-20,9087.98
04-Jul-20,9072.42
05-Jul-20,9131.31
06-Jul-20,9089.09
07-Jul-20,9348.91
08-Jul-20,9256.23
09-Jul-20,9440.07
10-Jul-20,9238.04
11-Jul-20,9287.4
12-Jul-20,9235.96
13-Jul-20,9295.9
14-Jul-20,9238.13
15-Jul-20,9254.52
16-Jul-20,9193.51
17-Jul-20,9131
18-Jul-20,9154.19
19-Jul-20,9174.71
20-Jul-20,9214.66
21-Jul-20,9163.87
22-Jul-20,9392.66
23-Jul-20,9537.4
24-Jul-20,9613.11
25-Jul-20,9551.28
26-Jul-20,9707.5
27-Jul-20,9938.83
28-Jul-20,11042.4
29-Jul-20,10934.94
30-Jul-20,11102.67
31-Jul-20,11114.93
01-Aug-20,11343.88
02-Aug-20,11823.69
03-Aug-20,11077.77
04-Aug-20,11242.57
05-Aug-20,11194.25
06-Aug-20,11750.28
07-Aug-20,11772.94
08-Aug-20,11605.6
09-Aug-20,11767.6
10-Aug-20,11684.06
11-Aug-20,11893.03
12-Aug-20,11392.43
13-Aug-20,11573.11
14-Aug-20,11777.43
15-Aug-20,11774.38
16-Aug-20,11873.98
17-Aug-20,11914.01
18-Aug-20,12293.72
19-Aug-20,11969.53
20-Aug-20,11734
21-Aug-20,11865.82
22-Aug-20,11522.8
23-Aug-20,11683.44
24-Aug-20,11653.02
25-Aug-20,11763.93
26-Aug-20,11337.4
27-Aug-20,11467.37
28-Aug-20,11302.01
29-Aug-20,11534.75
30-Aug-20,11481.64
31-Aug-20,11707.78
01-Sep-20,11659.57
02-Sep-20,11923.25
03-Sep-20,11397.44
04-Sep-20,10187.51
05-Sep-20,10467.89
06-Sep-20,10159.62
07-Sep-20,10254.93
08-Sep-20,10367.74
09-Sep-20,10121.52
10-Sep-20,10227.83
11-Sep-20,10352.66
12-Sep-20,10395.44
13-Sep-20,10446.44
14-Sep-20,10330.77
15-Sep-20,10674.64
16-Sep-20,10785.62
17-Sep-20,10948.43
18-Sep-20,10943.89
19-Sep-20,10931.79
20-Sep-20,11081.43
21-Sep-20,10919.65
22-Sep-20,10430.46
23-Sep-20,10532.22
24-Sep-20,10234.48
25-Sep-20,10732.43
26-Sep-20,10692.84
27-Sep-20,10732.4
28-Sep-20,10774.24
29-Sep-20,10692.33
30-Sep-20,10840.8
01-Oct-20,10777.92
02-Oct-20,10619.24
03-Oct-20,10575.06
04-Oct-20,10551.77
05-Oct-20,10673.46
06-Oct-20,10788.56
07-Oct-20,10603.74
08-Oct-20,10670.8
09-Oct-20,10923.3
10-Oct-20,11063.19
11-Oct-20,11302.67
12-Oct-20,11376.61
13-Oct-20,11540.04
14-Oct-20,11428.24
15-Oct-20,11431.32
16-Oct-20,11503.73
17-Oct-20,11327.57
18-Oct-20,11366.51
19-Oct-20,11508.2
20-Oct-20,11758.16
21-Oct-20,11925.46
22-Oct-20,12831.56
23-Oct-20,12990.25
24-Oct-20,12944.52
25-Oct-20,13128.46
26-Oct-20,13036.77
27-Oct-20,13076.37
28-Oct-20,13651.47
29-Oct-20,13289
30-Oct-20,13458.66
31-Oct-20,13564.72
01-Nov-20,13810.32
02-Nov-20,13758.88
03-Nov-20,13575.17
04-Nov-20,14023.31
05-Nov-20,14155.59
06-Nov-20,15591.39
07-Nov-20,15595.77
08-Nov-20,14839.84
09-Nov-20,15490.6
10-Nov-20,15328.53
11-Nov-20,15317.04
12-Nov-20,15708.65
13-Nov-20,16295.57
14-Nov-20,16339.33
15-Nov-20,16091.07
16-Nov-20,15968.16
17-Nov-20,16725.15
18-Nov-20,17679.72
19-Nov-20,17798.45
20-Nov-20,17820.57
21-Nov-20,18687.45
22-Nov-20,18699.75
23-Nov-20,18422.28
24-Nov-20,18398.91
25-Nov-20,19172.52
26-Nov-20,18739.8
27-Nov-20,17151.44
28-Nov-20,17138.87
29-Nov-20,17732.42
30-Nov-20,18191.6
01-Dec-20,19709.73
02-Dec-20,18792.52
03-Dec-20,19226.97
04-Dec-20,19454.54
05-Dec-20,18670.49
06-Dec-20,19155.06
07-Dec-20,19377.66
08-Dec-20,19181.41
09-Dec-20,18318.87
10-Dec-20,18554.15
11-Dec-20,18247.76
12-Dec-20,18029.36
13-Dec-20,18803.44
14-Dec-20,19164.48
15-Dec-20,19276.59
16-Dec-20,19439.75
17-Dec-20,21379.48
18-Dec-20,22847.46
19-Dec-20,23150.79
20-Dec-20,23869.92
21-Dec-20,23490.58
22-Dec-20,22745.48
23-Dec-20,23824.99
24-Dec-20,23253.37
25-Dec-20,23715.53
26-Dec-20,24693.58
27-Dec-20,26443.21
28-Dec-20,26246.58
29-Dec-20,27036.69
30-Dec-20,27376.37
31-Dec-20,28856.59
01-Jan-21,28982.56
02-Jan-21,29393.75
03-Jan-21,32195.46
04-Jan-21,33000.78
05-Jan-21,32035.03
06-Jan-21,34046.67
07-Jan-21,36860.41
08-Jan-21,39486.04
09-Jan-21,40670.25
10-Jan-21,40240.72
11-Jan-21,38240.09
12-Jan-21,35544.94
13-Jan-21,34011.82
14-Jan-21,37393.13
15-Jan-21,39158.47
16-Jan-21,36828.52
17-Jan-21,36065.2
18-Jan-21,35793.01
19-Jan-21,36632.35
20-Jan-21,36020.13
21-Jan-21,35538.98
22-Jan-21,30797.88
23-Jan-21,33002.38
24-Jan-21,32099.74
25-Jan-21,32276.84
26-Jan-21,32243.26
27-Jan-21,32541.8
28-Jan-21,30419.17
29-Jan-21,33403.17
30-Jan-21,34314.26
31-Jan-21,34318.1
01-Feb-21,33136.46
02-Feb-21,33522.9
03-Feb-21,35529.66
04-Feb-21,37676.25
05-Feb-21,37002.09
06-Feb-21,38278.61
07-Feb-21,39323.26
08-Feb-21,38928.1
09-Feb-21,46364.3
10-Feb-21,46589.58
11-Feb-21,44878.17
12-Feb-21,48013.38
13-Feb-21,47471.4
14-Feb-21,47185.19
15-Feb-21,48720.37
16-Feb-21,47951.85
17-Feb-21,49160.1
18-Feb-21,52118.23
19-Feb-21,51608.15
20-Feb-21,55916.5
21-Feb-21,56001.2
22-Feb-21,57487.86
23-Feb-21,54123.4
24-Feb-21,48880.43
25-Feb-21,50624.84
26-Feb-21,46800.42
27-Feb-21,46340.31
28-Feb-21,46155.87
01-Mar-21,45113.92
02-Mar-21,49618.43
03-Mar-21,48356.04
04-Mar-21,50477.7
05-Mar-21,48448.91
06-Mar-21,48861.38
07-Mar-21,48881.59
08-Mar-21,51169.7
09-Mar-21,52299.33
10-Mar-21,54881.52
11-Mar-21,55997.23
12-Mar-21,57764
13-Mar-21,57253.28
14-Mar-21,61258.73
15-Mar-21,59133.47
16-Mar-21,55754.72
17-Mar-21,56872.38
18-Mar-21,58913
19-Mar-21,57665.9
20-Mar-21,58075.1
21-Mar-21,58085.8
22-Mar-21,57411.17
23-Mar-21,54204.96
24-Mar-21,54477.46
25-Mar-21,52508.23
26-Mar-21,51415.92
27-Mar-21,55074.47
28-Mar-21,55863.93
29-Mar-21,55783.71
30-Mar-21,57627.67
31-Mar-21,58730.13
01-Apr-21,58735.25
02-Apr-21,58736.92
03-Apr-21,59031.32
04-Apr-21,57076.49
05-Apr-21,58206.55
06-Apr-21,59054.1
07-Apr-21,58020.46
08-Apr-21,55947.27
09-Apr-21,58048.59
10-Apr-21,58102.58
11-Apr-21,59774
12-Apr-21,59964.87
13-Apr-21,59834.74
14-Apr-21,63554.44
15-Apr-21,62969.12
16-Apr-21,63252.63
17-Apr-21,61455.98
18-Apr-21,60087.09
19-Apr-21,56251.48
20-Apr-21,55703.14
21-Apr-21,56507.91
22-Apr-21,53808.8
23-Apr-21,51731.71
24-Apr-21,51153.13
25-Apr-21,50110.53
26-Apr-21,49075.58
27-Apr-21,54056.64
28-Apr-21,55071.46
29-Apr-21,54884.1
30-Apr-21,53584.15
01-May-21,57796.62
02-May-21,57857.5
03-May-21,56610.46
04-May-21,57213.33
05-May-21,53241.72
06-May-21,57473.23
07-May-21,56428.16
08-May-21,57380.27
09-May-21,58928.81
10-May-21,58280.73
11-May-21,55883.5
12-May-21,56750
13-May-21,49007.09
14-May-21,49702.27
15-May-21,49922.52
16-May-21,46736.58
17-May-21,46441.64
18-May-21,43596.24
19-May-21,42912.19
20-May-21,36964.27
21-May-21,40784.32
22-May-21,37280.35
23-May-21,37528.3
24-May-21,34754.54
25-May-21,38728.59
26-May-21,38410.5
27-May-21,39266.04
28-May-21,38445.29
29-May-21,35689.62
30-May-21,34647.67
31-May-21,35684.59
01-Jun-21,37310.54
02-Jun-21,36662.64
03-Jun-21,37585.24
04-Jun-21,39188.59
05-Jun-21,36885.51
06-Jun-21,35530.38
07-Jun-21,35816.17
08-Jun-21,33514.87
09-Jun-21,33450.19
10-Jun-21,37338.36
11-Jun-21,36704.57
12-Jun-21,37313.18
13-Jun-21,35494.9
14-Jun-21,39066.82
15-Jun-21,40525.8
16-Jun-21,40188.56
17-Jun-21,38324.87
18-Jun-21,38068.04
19-Jun-21,35729.82
20-Jun-21,35524.17
21-Jun-21,35592.35
22-Jun-21,31686.55
23-Jun-21,32447.59
24-Jun-21,33674.66
25-Jun-21,34639.38
26-Jun-21,31640.58
27-Jun-21,32160.91
28-Jun-21,34644.45
29-Jun-21,34456.67
30-Jun-21,35847.7
01-Jul-21,35047.36
02-Jul-21,33536.88
03-Jul-21,33856.86
04-Jul-21,34688.98
05-Jul-21,35309.3
06-Jul-21,33747.97
07-Jul-21,34211.01
08-Jul-21,33839.04
09-Jul-21,32877.41
10-Jul-21,33818.52
11-Jul-21,33515.57
12-Jul-21,34227.64
13-Jul-21,33158.25
14-Jul-21,32686.56
15-Jul-21,32814.61
16-Jul-21,31738.59
17-Jul-21,31421.25
18-Jul-21,31520.66
19-Jul-21,31783.49
20-Jul-21,30815.94
21-Jul-21,29790.24
22-Jul-21,32118.06
23-Jul-21,32297.89
24-Jul-21,33581.63
25-Jul-21,34279.34
26-Jul-21,35365.2
27-Jul-21,37318.14
28-Jul-21,39405.95
29-Jul-21,40002.53
30-Jul-21,40005.93
31-Jul-21,42214.15
01-Aug-21,41659.06
02-Aug-21,40000.46
03-Aug-21,39193.94
04-Aug-21,38138
05-Aug-21,39750.14
06-Aug-21,40882
07-Aug-21,42825.95
08-Aug-21,44634.13
09-Aug-21,43816.14
10-Aug-21,46333.46
11-Aug-21,45608.37
12-Aug-21,45611.46
13-Aug-21,44417.78
14-Aug-21,47833.98
15-Aug-21,47112.19
16-Aug-21,47056.41
17-Aug-21,45982.55
18-Aug-21,44648.57
19-Aug-21,44777.86
20-Aug-21,46734.65
21-Aug-21,49327.75
22-Aug-21,48932.02
23-Aug-21,49335.68
24-Aug-21,49523.5
25-Aug-21,47744.58
26-Aug-21,48972.09
27-Aug-21,46962.8
28-Aug-21,49056.86
29-Aug-21,48897.65
30-Aug-21,48806.78
31-Aug-21,47074.77
01-Sep-21,47155.87
02-Sep-21,48862.76
03-Sep-21,49329.01
04-Sep-21,50035.33
05-Sep-21,49947.38
06-Sep-21,51769.06
07-Sep-21,52677.4
08-Sep-21,46809.17
09-Sep-21,46078.38
10-Sep-21,46368.69
11-Sep-21,44847.48
12-Sep-21,45144.79
13-Sep-21,46059.12
14-Sep-21,44968.76
15-Sep-21,47072.12
16-Sep-21,48167.85
17-Sep-21,47785.26
18-Sep-21,47263.6
19-Sep-21,48259.45
20-Sep-21,47249.38
21-Sep-21,42901.56
22-Sep-21,40619.27
23-Sep-21,43604.76
24-Sep-21,44888.96
25-Sep-21,42815.56
26-Sep-21,42742.01
27-Sep-21,43182.63
28-Sep-21,42238.2
29-Sep-21,41011.16
30-Sep-21,41522.38
01-Oct-21,43757.81
02-Oct-21,48140.11
03-Oct-21,47727.1
04-Oct-21,48205.72
05-Oct-21,49143.95
06-Oct-21,51505.83
07-Oct-21,55343.76
08-Oct-21,53801.1
09-Oct-21,53867.3
10-Oct-21,55122.59
11-Oct-21,54625.74
12-Oct-21,57452.01
13-Oct-21,56242.94
14-Oct-21,57406.69
15-Oct-21,57397.74
16-Oct-21,61641.17
17-Oct-21,60948.78
18-Oct-21,61546.21
19-Oct-21,61971.59
20-Oct-21,64287.64
21-Oct-21,66063.56
22-Oct-21,62354.86
23-Oct-21,60697.06
24-Oct-21,61277.28
25-Oct-21,60884.18
26-Oct-21,63070.54
27-Oct-21,60345.17
28-Oct-21,58538.49
29-Oct-21,60587.09
30-Oct-21,62249.18
31-Oct-21,61731.29
01-Nov-21,61373.44
02-Nov-21,61029.5
03-Nov-21,63241.11
04-Nov-21,62954.86
05-Nov-21,61441.83
06-Nov-21,61072.32
07-Nov-21,61516.31
08-Nov-21,63293.22
09-Nov-21,67562.17
10-Nov-21,66954.11
11-Nov-21,64976.73
12-Nov-21,64838.81
13-Nov-21,64254.67
14-Nov-21,64420.94
15-Nov-21,65468.75
16-Nov-21,63584.25
17-Nov-21,60172.26
18-Nov-21,60381.35
19-Nov-21,56921.34
20-Nov-21,58133.02
21-Nov-21,59777.98
22-Nov-21,58755.9
23-Nov-21,56301.52
24-Nov-21,57578.22
25-Nov-21,57187.54
26-Nov-21,58935.45
27-Nov-21,53588.21
28-Nov-21,54801.15
29-Nov-21,57292.28
30-Nov-21,57828.45
01-Dec-21,57025.79
02-Dec-21,57229.76
03-Dec-21,56508.48
04-Dec-21,53713.84
05-Dec-21,49253.86
06-Dec-21,49380.43
07-Dec-21,50564.63
08-Dec-21,50645.41
09-Dec-21,50511.12
10-Dec-21,47659.68
11-Dec-21,47137.46
12-Dec-21,49379.67
13-Dec-21,50117.25
14-Dec-21,46757.09
15-Dec-21,48392.79
16-Dec-21,48884.66
17-Dec-21,47658.38
18-Dec-21,46173.51
19-Dec-21,46863.67
20-Dec-21,46689.28
21-Dec-21,46910.13
22-Dec-21,48934.57
23-Dec-21,48628.35
24-Dec-21,50785.69
25-Dec-21,50814.92
26-Dec-21,50470.89
27-Dec-21,50801.11
28-Dec-21,50692.3
29-Dec-21,47601.26
30-Dec-21,46408.87
31-Dec-21,47132.96
01-Jan-22,46249.56
02-Jan-22,47763.33
03-Jan-22,47327.87
04-Jan-22,46441.99
05-Jan-22,45862.98
06-Jan-22,43436.17
07-Jan-22,43120.63
08-Jan-22,41528.04
09-Jan-22,41690.93
10-Jan-22,41864.44
11-Jan-22,41849
12-Jan-22,42723.37
13-Jan-22,43926
14-Jan-22,42546.44
15-Jan-22,43099.37
16-Jan-22,43146.53
17-Jan-22,43102.44
18-Jan-22,42248.35
19-Jan-22,42381.48
20-Jan-22,41707.85
21-Jan-22,40684.42
22-Jan-22,36480.85
23-Jan-22,35071.43
24-Jan-22,36280.82
25-Jan-22,36678.82
26-Jan-22,36948.81
27-Jan-22,36823.5
28-Jan-22,37146.85
29-Jan-22,37770.15
30-Jan-22,38186.49
31-Jan-22,37918.62
01-Feb-22,38521.79
02-Feb-22,38739.74
03-Feb-22,36912.68
04-Feb-22,37092.4
05-Feb-22,41584.19
06-Feb-22,41435.43
07-Feb-22,42450.98
08-Feb-22,43834.02
09-Feb-22,44133.28
10-Feb-22,44397.3
11-Feb-22,43531.11
12-Feb-22,42401.27
13-Feb-22,42245.56
14-Feb-22,42104.89
15-Feb-22,42580.94
16-Feb-22,44536.2
17-Feb-22,43948.81
18-Feb-22,40565.69
19-Feb-22,40014.55
20-Feb-22,40115.05
21-Feb-22,38382.32
22-Feb-22,37031.08
23-Feb-22,38262.17
24-Feb-22,37291.48
25-Feb-22,38344.78
26-Feb-22,39222.6
27-Feb-22,39103.91
28-Feb-22,37704.56
01-Mar-22,43226.36
02-Mar-22,44418.83
03-Mar-22,43934.85
04-Mar-22,42464.4
05-Mar-22,39141.25
06-Mar-22,39399.58
07-Mar-22,38407.69
08-Mar-22,38032.5
09-Mar-22,38753.1
10-Mar-22,41956.53
11-Mar-22,39437.89
12-Mar-22,38741.04
13-Mar-22,38809.18
14-Mar-22,37820.39
15-Mar-22,39680.6
16-Mar-22,39320.82
17-Mar-22,41133.08
18-Mar-22,40946.78
19-Mar-22,41795.77
20-Mar-22,42222.32
21-Mar-22,41250.83
22-Mar-22,41071.41
23-Mar-22,42372.67
24-Mar-22,42905.06
25-Mar-22,44004.47
26-Mar-22,44334.33
27-Mar-22,44542.39
28-Mar-22,46858.53
29-Mar-22,47115.93
30-Mar-22,47448.01
31-Mar-22,47064.16
01-Apr-22,45539.22
02-Apr-22,46282.56
03-Apr-22,45825.36
04-Apr-22,46425.52
05-Apr-22,46611.26
06-Apr-22,45508.16
07-Apr-22,43190.18
08-Apr-22,43464.32
09-Apr-22,42278.94
10-Apr-22,42787.69
11-Apr-22,42144.23
12-Apr-22,39488.62
13-Apr-22,40102.2
14-Apr-22,41148.06
15-Apr-22,39939.9
16-Apr-22,40566.2
17-Apr-22,40388.78
18-Apr-22,39711.45
19-Apr-22,40805.72
20-Apr-22,41507.3
21-Apr-22,41375.79
22-Apr-22,40514.01
23-Apr-22,39727.65
24-Apr-22,39429.01
25-Apr-22,39465.57
26-Apr-22,40472.7
27-Apr-22,38114.94
28-Apr-22,39249.28
29-Apr-22,39770.04
30-Apr-22,38596.28
01-May-22,37661.19
02-May-22,38475.48
03-May-22,38510.65
04-May-22,37727.19
05-May-22,39674.89
06-May-22,36549.9
07-May-22,36013.03
08-May-22,35471.42
09-May-22,34082.21
10-May-22,30175.71
11-May-22,31003.93
12-May-22,28907.15
13-May-22,28931.14
14-May-22,29234.06
15-May-22,30074.61
16-May-22,31277.43
17-May-22,29834.09
18-May-22,30406.69
19-May-22,28680.97
20-May-22,30289.87
21-May-22,29159.5
22-May-22,29409.92
23-May-22,30278.94
24-May-22,29074.33
25-May-22,29634.57
26-May-22,29518.59
27-May-22,29193.92
28-May-22,28578.89
29-May-22,29013.69
30-May-22,29448.74
31-May-22,31715.58
01-Jun-22,31776.27
02-Jun-22,29780.81
03-Jun-22,30429.88
04-Jun-22,29681.76
05-Jun-22,29845.23
06-Jun-22,29901.35
07-Jun-22,31349.82
08-Jun-22,31117.83
09-Jun-22,30189.25
10-Jun-22,30083.46
11-Jun-22,29059.41
12-Jun-22,28344.5
13-Jun-22,26593.3
14-Jun-22,22431.22
15-Jun-22,22189.29
16-Jun-22,22550.79
17-Jun-22,20350.48
18-Jun-22,20434.75
19-Jun-22,18977.51
20-Jun-22,20540.38
21-Jun-22,20582.29
22-Jun-22,20703.51
23-Jun-22,19953.71
24-Jun-22,21088.3
25-Jun-22,21194.68
26-Jun-22,21481.38
27-Jun-22,21020.04
28-Jun-22,20702.23
29-Jun-22,20256.61
30-Jun-22,20085.93
01-Jul-22,19865.7
02-Jul-22,19226.7
03-Jul-22,19224.75
04-Jul-22,19288.97
05-Jul-22,20208.45
06-Jul-22,20181.91
07-Jul-22,20545.61
08-Jul-22,21633.44
09-Jul-22,21636.45
10-Jul-22,21582.6
11-Jul-22,20834.61
12-Jul-22,19946.31
13-Jul-22,19292.99
14-Jul-22,20223.69
15-Jul-22,20568.9
16-Jul-22,20835.61
17-Jul-22,21197.1
18-Jul-22,20774.23
19-Jul-22,22538.08
20-Jul-22,23403.29
21-Jul-22,23227.22
22-Jul-22,23154.09
23-Jul-22,22687.08
24-Jul-22,22461.7
25-Jul-22,22582.4
26-Jul-22,21300.72
27-Jul-22,21267.33
28-Jul-22,22950.29
29-Jul-22,23856.25
30-Jul-22,23792
31-Jul-22,23647.99
01-Aug-22,23326.49
02-Aug-22,23298.94
03-Aug-22,22981.77
04-Aug-22,22831.85
05-Aug-22,22608.3
06-Aug-22,23295.14
07-Aug-22,22947.19
08-Aug-22,23174.25
09-Aug-22,23816.32
10-Aug-22,23156.31
11-Aug-22,23959.92
12-Aug-22,23953.77
13-Aug-22,24418.38
14-Aug-22,24447.13
15-Aug-22,24314.89
16-Aug-22,24096.19
17-Aug-22,23876.29
18-Aug-22,23332.09
19-Aug-22,23193.99
20-Aug-22,20843.22
21-Aug-22,21150.33
22-Aug-22,21520.51
23-Aug-22,21402.93
24-Aug-22,21516.02
25-Aug-22,21377.51
26-Aug-22,21597.93
27-Aug-22,20233.32
28-Aug-22,20035.59
29-Aug-22,19550.07
30-Aug-22,20290.41
31-Aug-22,19793.02
01-Sep-22,20047.68
02-Sep-22,20130.52
03-Sep-22,19952.91
04-Sep-22,19834.94
05-Sep-22,19994.65
06-Sep-22,19789.87
07-Sep-22,18806.7
08-Sep-22,19280.08
09-Sep-22,19327.53
10-Sep-22,21387.58
11-Sep-22,21673.03
12-Sep-22,21794.52
13-Sep-22,22392.71
14-Sep-22,20172.56
15-Sep-22,20219.55
16-Sep-22,19694.69
17-Sep-22,19787.61
18-Sep-22,20122.71
19-Sep-22,19415.86
20-Sep-22,19542.2
21-Sep-22,18879.96
22-Sep-22,18507.36
23-Sep-22,19408.63
24-Sep-22,19280.58
25-Sep-22,18931.79
26-Sep-22,18807.71
27-Sep-22,19227.26
28-Sep-22,19104.89
29-Sep-22,19530.71
30-Sep-22,19598.86
01-Oct-22,19427.2
02-Oct-22,19314.69
03-Oct-22,19049.72
04-Oct-22,19632.61
05-Oct-22,20342.25
06-Oct-22,20167.79
07-Oct-22,19956.49
08-Oct-22,19544.82
09-Oct-22,19417.73
10-Oct-22,19441.88
11-Oct-22,19132.52
12-Oct-22,19049.64
13-Oct-22,19156.21
14-Oct-22,19383.33
15-Oct-22,19184.71
16-Oct-22,19063.1
17-Oct-22,19265.53
18-Oct-22,19548.97
19-Oct-22,19330.74
20-Oct-22,19125.65
21-Oct-22,19046.83
22-Oct-22,19171.34
23-Oct-22,19205.45
24-Oct-22,19565.91
25-Oct-22,19338.9
26-Oct-22,20101.27
27-Oct-22,20772.36
28-Oct-22,20288.52
29-Oct-22,20601.63
30-Oct-22,20816.16
31-Oct-22,20628.5
01-Nov-22,20499.29
02-Nov-22,20486.26
03-Nov-22,20153.99
04-Nov-22,20208.16
05-Nov-22,21152.93
06-Nov-22,21292.67
07-Nov-22,20920.33
08-Nov-22,20598.44
09-Nov-22,18540.11
10-Nov-22,15856.95
11-Nov-22,17550.23
12-Nov-22,16990.26
13-Nov-22,16776.4
14-Nov-22,16310.3
15-Nov-22,16587.96
16-Nov-22,16873.56
17-Nov-22,16662.24
18-Nov-22,16682.44
19-Nov-22,16683.22
20-Nov-22,16687.8
21-Nov-22,16260.41
22-Nov-22,15759.61
23-Nov-22,16194.75
24-Nov-22,16606.77
25-Nov-22,16592.67
26-Nov-22,16507.44
27-Nov-22,16453.47
28-Nov-22,16420.2
29-Nov-22,16208.96
30-Nov-22,16432.73
01-Dec-22,17170.62
02-Dec-22,16971.57
03-Dec-22,17091.23
04-Dec-22,16894.23
05-Dec-22,17117.57
06-Dec-22,16967.02
07-Dec-22,17085.45
08-Dec-22,16836.05
09-Dec-22,17234.58
10-Dec-22,17128.55
11-Dec-22,17124.99
12-Dec-22,17098.61
13-Dec-22,17206.87
14-Dec-22,17771.03
15-Dec-22,17802.44
16-Dec-22,17357.47
17-Dec-22,16637.6
18-Dec-22,16783.6
19-Dec-22,16745.99
20-Dec-22,16439.89
21-Dec-22,16904.64
22-Dec-22,16813.62
23-Dec-22,16818.68
24-Dec-22,16779.71
25-Dec-22,16838.1
26-Dec-22,16826.86
27-Dec-22,16915.7
28-Dec-22,16699
29-Dec-22,16539.28
30-Dec-22,16630.49
31-Dec-22,16599.69
01-Jan-23,16526.78
02-Jan-23,16613.71
03-Jan-23,16671.54
04-Jan-23,16669.6
05-Jan-23,16850.63
06-Jan-23,16826.41
07-Jan-23,16951.97
08-Jan-23,16945.2
09-Jan-23,17108.41
10-Jan-23,17192.07
11-Jan-23,17443.68
12-Jan-23,17934.6
13-Jan-23,18859.32
14-Jan-23,19933.36
15-Jan-23,20955.15
16-Jan-23,20880.99
17-Jan-23,21190.49
18-Jan-23,21145.18
19-Jan-23,20672.78
20-Jan-23,21087.76
21-Jan-23,22693.45
22-Jan-23,22772.5
23-Jan-23,22724.23
24-Jan-23,22924.37
25-Jan-23,22634.47
26-Jan-23,23089.74
27-Jan-23,23008.29
28-Jan-23,23075.81
29-Jan-23,23032.23
30-Jan-23,23755.85
31-Jan-23,22836.09
01-Feb-23,23133.91
02-Feb-23,23722.02
03-Feb-23,23454.41
04-Feb-23,23440.09
05-Feb-23,23328.24
06-Feb-23,22936.95
07-Feb-23,22763.74
08-Feb-23,23254.79
09-Feb-23,22964.87
10-Feb-23,21794.05
11-Feb-23,21638.55
12-Feb-23,21861.84
13-Feb-23,21787.25
14-Feb-23,21787.99
15-Feb-23,22211.8
16-Feb-23,24340.73
17-Feb-23,23544.67
18-Feb-23,24572.97
19-Feb-23,24641.94
20-Feb-23,24290.18
21-Feb-23,24834.81
22-Feb-23,24438.1
23-Feb-23,24185.67
24-Feb-23,23946.39
25-Feb-23,23192.02
26-Feb-23,23176.76
27-Feb-23,23563.11
28-Feb-23,23497.62
01-Mar-23,23128.3
02-Mar-23,23641.68
03-Mar-23,23467.36
04-Mar-23,22351.72
05-Mar-23,22348.51
06-Mar-23,22427.56
07-Mar-23,22410.62
08-Mar-23,22197.49
09-Mar-23,21698.33
10-Mar-23,20363.36
11-Mar-23,20224.85
12-Mar-23,20656.78
13-Mar-23,22205.32
14-Mar-23,24213.74
15-Mar-23,24767.46
16-Mar-23,24376.39
17-Mar-23,25053.64
18-Mar-23,27462.77
19-Mar-23,26975.39
20-Mar-23,28045.84
21-Mar-23,27790.89
22-Mar-23,28191.53
23-Mar-23,27306.32
24-Mar-23,28332.42
25-Mar-23,27496.2
26-Mar-23,27496.06
27-Mar-23,27999.84
28-Mar-23,27141.23
29-Mar-23,27274.72
30-Mar-23,28355.92
31-Mar-23,28033.06
01-Apr-23,28479.75
02-Apr-23,28465.04
03-Apr-23,28185.2
04-Apr-23,27802.23
05-Apr-23,28169.5
06-Apr-23,28180.4
07-Apr-23,28039.94
08-Apr-23,27925.55
09-Apr-23,27956.01
10-Apr-23,28336.18
11-Apr-23,29656.24
12-Apr-23,30234.98
13-Apr-23,29899.24
14-Apr-23,30407.6
15-Apr-23,30486.05
16-Apr-23,30319.32
17-Apr-23,30315.39
18-Apr-23,29447.1
19-Apr-23,30393.64
20-Apr-23,28829.57
21-Apr-23,28243.02
22-Apr-23,27267.99
23-Apr-23,27816.18
24-Apr-23,27590.55
25-Apr-23,27516.48
26-Apr-23,28301.71
27-Apr-23,28429.72
28-Apr-23,29480.35
29-Apr-23,29329.63
30-Apr-23,29244.68
01-May-23,29264.14
02-May-23,28086.65
03-May-23,28678.29
04-May-23,29007.66
05-May-23,28851.84
06-May-23,29535.38
07-May-23,28903.41
08-May-23,28456.84
09-May-23,27691.41
10-May-23,27640.09
11-May-23,27617.14
12-May-23,26993.2
13-May-23,26803.05
14-May-23,26785.94
15-May-23,26926.17
16-May-23,27191.97
17-May-23,27036.39
18-May-23,27398.27
19-May-23,26833.27
20-May-23,26889.6
21-May-23,27124.48
22-May-23,26756.57
23-May-23,26849.97
24-May-23,27223.19
25-May-23,26327.38
26-May-23,26477.29
27-May-23,26719.74
28-May-23,26873.18
29-May-23,28082.7
30-May-23,27744.66
31-May-23,27704
